customer_key,customer_number,customer_name,age,age_group,customer_segment,last_order_date,recency,total_orders,total_sales,total_quantity,total_products,lifespan,avg_order_value,average_monthly_spend
1,AW00011000,"Jon Yang",54,"50 and above",VIP,2013-05-03,150,3,16498,16,8,27,5499.3333,611.0370
2,AW00011001,"Eugene Huang",49,40-49,VIP,2013-12-10,143,3,12768,22,10,34,4256.0000,375.5294
3,AW00011002,"Ruben Torres",54,"50 and above",VIP,2013-02-23,153,3,16228,8,4,25,5409.3333,649.1200
4,AW00011003,"Christy Zhu",52,"50 and above",VIP,2013-05-10,150,3,16278,18,9,28,5426.0000,581.3571
5,AW00011004,"Elizabeth Johnson",46,40-49,VIP,2013-05-01,150,3,16392,12,6,27,5464.0000,607.1111
6,AW00011005,"Julio Ruiz",49,40-49,VIP,2013-05-02,150,3,16242,12,6,28,5414.0000,580.0714
7,AW00011006,"Janet Alvarez",48,40-49,VIP,2013-05-14,150,3,16238,10,5,27,5412.6667,601.4074
8,AW00011007,"Marco Mehta",56,"50 and above",VIP,2013-03-19,152,3,16422,16,8,26,5474.0000,631.6154
9,AW00011008,"Rob Verhoff",50,"50 and above",VIP,2013-03-02,152,3,16212,14,7,25,5404.0000,648.4800
10,AW00011009,"Shannon Carlson",56,"50 and above",VIP,2013-05-09,150,3,16182,10,5,27,5394.0000,599.3333
11,AW00011010,"Jacquelyn Suarez",56,"50 and above",VIP,2013-05-23,150,3,16176,8,4,28,5392.0000,577.7143
12,AW00011011,"Curtis Lu",56,"50 and above",VIP,2013-03-19,152,3,16266,8,4,26,5422.0000,625.6154
13,AW00011012,"Lauren Walker",46,40-49,New,2013-10-15,145,2,162,10,5,6,81.0000,27.0000
14,AW00011013,"Ian Jenkins",46,40-49,New,2014-01-21,142,2,228,10,5,9,114.0000,25.3333
15,AW00011014,"Sydney Bennett",52,"50 and above",New,2013-04-30,150,2,276,12,5,1,138.0000,276.0000
16,AW00011015,"Chloe Young",41,40-49,New,2013-01-18,154,1,5002,6,3,0,5002.0000,5002
17,AW00011016,"Wyatt Hill",41,40-49,New,2013-02-09,153,1,4664,6,3,0,4664.0000,4664
18,AW00011017,"Shannon Wang",75,"50 and above",VIP,2013-10-14,145,3,12868,8,4,33,4289.3333,389.9394
19,AW00011018,"Clarence Rai",70,"50 and above",VIP,2013-10-24,145,3,13066,14,7,33,4355.3333,395.9394
20,AW00011019,"Luke Lal",42,40-49,New,2014-01-12,142,17,1760,66,20,11,103.5294,160.0000
21,AW00011020,"Jordan King",41,40-49,New,2012-12-29,154,1,4634,4,2,0,4634.0000,4634
22,AW00011021,"Destiny Wilson",41,40-49,New,2013-01-23,154,1,4744,6,3,0,4744.0000,4744
23,AW00011022,"Ethan Zhang",41,40-49,New,2013-01-20,154,1,4644,4,2,0,4644.0000,4644
24,AW00011023,"Seth Edwards",41,40-49,New,2014-01-14,142,2,244,12,6,10,122.0000,24.4000
25,AW00011024,"Russell Xie",41,40-49,New,2013-07-26,147,2,112,12,5,0,56.0000,112
26,AW00011025,"Alejandro Beck",74,"50 and above",VIP,2013-10-25,145,3,13154,12,6,33,4384.6667,398.6061
27,AW00011026,"Harold Sai",74,"50 and above",VIP,2013-10-15,145,3,13150,14,7,32,4383.3333,410.9375
28,AW00011027,"Jessie Zhao",73,"50 and above",VIP,2013-10-24,145,3,13182,18,9,33,4394.0000,399.4545
29,AW00011028,"Jill Jimenez",74,"50 and above",VIP,2013-10-07,145,3,12948,10,5,32,4316.0000,404.6250
30,AW00011029,"Jimmy Moreno",73,"50 and above",VIP,2013-11-11,144,3,13130,14,7,33,4376.6667,397.8788
31,AW00011030,"Bethany Yuan",67,"50 and above",VIP,2013-11-09,144,3,12942,8,4,33,4314.0000,392.1818
32,AW00011031,"Theresa Ramos",72,"50 and above",VIP,2013-11-13,144,3,12956,12,6,33,4318.6667,392.6061
33,AW00011032,"Denise Stone",72,"50 and above",VIP,2013-11-08,144,3,13050,20,10,32,4350.0000,407.8125
34,AW00011033,"Jaime Nath",67,"50 and above",VIP,2013-11-05,144,3,12990,14,7,32,4330.0000,405.9375
35,AW00011034,"Ebony Gonzalez",72,"50 and above",VIP,2013-11-10,144,3,12982,8,4,33,4327.3333,393.3939
36,AW00011035,"Wendy Dominguez",72,"50 and above",VIP,2013-11-15,144,3,12902,10,5,33,4300.6667,390.9697
37,AW00011036,"Jennifer Russell",41,40-49,New,2013-01-22,154,1,4710,4,2,0,4710.0000,4710
38,AW00011037,"Chloe Garcia",42,40-49,New,2013-01-20,154,1,4748,14,7,0,4748.0000,4748
39,AW00011038,"Diana Hernandez",72,"50 and above",VIP,2013-11-12,144,3,12874,6,3,33,4291.3333,390.1212
40,AW00011039,"Marc Martin",71,"50 and above",VIP,2013-11-11,144,3,13272,18,8,33,4424.0000,402.1818
41,AW00011040,"Jesse Murphy",42,40-49,New,2013-04-03,151,1,4702,6,3,0,4702.0000,4702
42,AW00011041,"Amanda Carter",42,40-49,New,2013-01-14,154,1,4762,6,3,0,4762.0000,4762
43,AW00011042,"Megan Sanchez",42,40-49,New,2013-10-17,145,2,6224,6,3,8,3112.0000,778.0000
44,AW00011043,"Nathan Simmons",44,40-49,New,2013-08-18,147,2,96,6,3,3,48.0000,32.0000
45,AW00011044,"Adam Flores",71,"50 and above",VIP,2013-11-08,144,3,13030,14,7,32,4343.3333,407.1875
46,AW00011045,"Leonard Nara",70,"50 and above",New,2013-10-29,144,2,230,8,4,6,115.0000,38.3333
47,AW00011046,"Christine Yuan",70,"50 and above",VIP,2013-11-12,144,3,13232,12,6,33,4410.6667,400.9697
48,AW00011047,"Jaclyn Lu",70,"50 and above",VIP,2013-11-19,144,3,13164,8,4,33,4388.0000,398.9091
49,AW00011048,"Jeremy Powell",69,"50 and above",VIP,2013-12-25,143,3,12996,16,8,34,4332.0000,382.2353
50,AW00011049,"Carol Rai",39,30-39,New,2013-10-29,144,2,162,10,5,7,81.0000,23.1429
51,AW00011050,"Alan Zheng",68,"50 and above",VIP,2013-11-19,144,3,10014,12,6,32,3338.0000,312.9375
52,AW00011051,"Daniel Johnson",68,"50 and above",New,2014-01-01,142,2,248,10,5,0,124.0000,248
53,AW00011052,"Heidi Lopez",68,"50 and above",VIP,2013-05-27,149,3,16262,14,7,27,5420.6667,602.2963
54,AW00011053,"Ana Price",39,30-39,New,2013-01-17,154,1,4660,4,2,0,4660.0000,4660
55,AW00011054,"Deanna Munoz",68,"50 and above",VIP,2013-05-30,149,3,16446,12,6,27,5482.0000,609.1111
56,AW00011055,"Gilbert Raje",68,"50 and above",VIP,2013-06-07,149,3,16336,16,8,28,5445.3333,583.4286
57,AW00011056,"Michele Nath",67,"50 and above",VIP,2013-05-31,149,3,16414,16,8,27,5471.3333,607.9259
58,AW00011057,"Carl Andersen",55,"50 and above",VIP,2013-05-21,150,3,16176,8,4,26,5392.0000,622.1538
59,AW00011058,"Marc Diaz",60,"50 and above",VIP,2013-06-04,149,3,16496,12,6,26,5498.6667,634.4615
60,AW00011059,"Ashlee Andersen",66,"50 and above",New,2013-03-16,152,3,234,14,6,0,78.0000,234
61,AW00011060,"Jon Zhou",66,"50 and above",VIP,2013-06-25,149,3,16306,12,6,27,5435.3333,603.9259
62,AW00011061,"Todd Gao",49,40-49,VIP,2013-06-14,149,3,16258,12,6,27,5419.3333,602.1481
63,AW00011062,"Noah Powell",44,40-49,New,2013-01-07,154,1,4704,6,3,0,4704.0000,4704
64,AW00011063,"Angela Murphy",45,40-49,New,2013-01-12,154,1,4746,10,5,0,4746.0000,4746
65,AW00011064,"Chase Reed",44,40-49,New,2013-01-25,154,1,4610,4,2,0,4610.0000,4610
66,AW00011065,"Jessica Henderson",46,40-49,New,2014-01-10,142,2,404,10,4,11,202.0000,36.7273
67,AW00011066,"Grace Butler",46,40-49,New,2013-09-19,146,2,162,10,5,3,81.0000,54.0000
68,AW00011067,"Caleb Carter",43,40-49,New,2014-01-12,142,2,210,12,6,4,105.0000,52.5000
69,AW00011068,"Tiffany Liang",59,"50 and above",New,2013-10-08,145,3,226,18,8,5,75.3333,45.2000
70,AW00011069,"Carolyn Navarro",59,"50 and above",VIP,2013-06-04,149,3,16208,6,3,25,5402.6667,648.3200
71,AW00011070,"Willie Raji",65,"50 and above",VIP,2013-06-26,148,3,16330,20,9,25,5443.3333,653.2000
72,AW00011071,"Linda Serrano",64,"50 and above",New,2013-12-01,143,3,220,14,6,9,73.3333,24.4444
73,AW00011072,"Casey Luo",65,"50 and above",VIP,2013-06-15,149,3,16388,14,7,26,5462.6667,630.3077
74,AW00011073,"Amy Ye",63,"50 and above",New,2013-08-21,147,3,384,20,9,4,128.0000,96.0000
75,AW00011074,"Levi Arun",63,"50 and above",New,2013-05-27,149,3,188,14,7,2,62.6667,94.0000
76,AW00011075,"Felicia Jimenez",62,"50 and above",VIP,2013-06-24,149,3,16136,10,5,25,5378.6667,645.4400
77,AW00011076,"Blake Anderson",62,"50 and above",VIP,2013-06-21,149,3,16318,8,4,26,5439.3333,627.6154
78,AW00011077,"Leah Ye",62,"50 and above",VIP,2013-06-12,149,3,16338,10,5,25,5446.0000,653.5200
79,AW00011078,"Gina Martin",40,40-49,New,2014-01-28,141,17,1824,62,23,11,107.2941,165.8182
80,AW00011079,"Donald Gonzalez",55,"50 and above",New,2014-01-01,142,3,116,10,5,9,38.6667,12.8889
81,AW00011080,"Damien Chander",60,"50 and above",VIP,2013-06-23,149,3,16408,14,7,26,5469.3333,631.0769
82,AW00011081,"Savannah Baker",53,"50 and above",New,2013-04-13,151,2,208,10,5,2,104.0000,104.0000
83,AW00011082,"Angela Butler",53,"50 and above",New,2013-11-06,144,2,6220,12,6,9,3110.0000,691.1111
84,AW00011083,"Alyssa Cox",48,40-49,New,2013-11-08,144,2,6274,10,5,10,3137.0000,627.4000
85,AW00011084,"Lucas Phillips",62,"50 and above",New,2013-11-21,144,2,6156,10,5,10,3078.0000,615.6000
86,AW00011085,"Emily Johnson",62,"50 and above",New,2014-01-08,142,2,258,10,5,1,129.0000,258.0000
87,AW00011086,"Ryan Brown",62,"50 and above",New,2013-12-21,143,2,306,12,6,5,153.0000,61.2000
88,AW00011087,"Tamara Liang",62,"50 and above",New,2013-08-09,147,2,400,8,4,5,200.0000,80.0000
89,AW00011088,"Hunter Davis",62,"50 and above",New,2013-11-12,144,2,6352,14,7,9,3176.0000,705.7778
90,AW00011089,"Abigail Price",63,"50 and above",New,2013-11-18,144,2,6376,14,7,10,3188.0000,637.6000
91,AW00011090,"Trevor Bryant",56,"50 and above",VIP,2013-11-21,144,3,13406,12,6,27,4468.6667,496.5185
92,AW00011091,"Dalton Perez",63,"50 and above",New,2014-01-08,142,28,2372,118,25,11,84.7143,215.6364
93,AW00011092,"Cheryl Diaz",53,"50 and above",VIP,2013-06-21,149,3,16220,10,5,26,5406.6667,623.8462
94,AW00011093,"Aimee He",47,40-49,VIP,2013-06-08,149,3,16360,14,7,26,5453.3333,629.2308
95,AW00011094,"Cedric Ma",58,"50 and above",New,2014-01-11,142,3,472,16,8,9,157.3333,52.4444
96,AW00011095,"Chad Kumar",57,"50 and above",VIP,2013-06-25,149,3,16316,14,7,26,5438.6667,627.5385
97,AW00011096,"AndrÃ©s Anand",57,"50 and above",VIP,2013-07-30,147,3,16126,8,4,27,5375.3333,597.2593
98,AW00011097,"Edwin Nara",53,"50 and above",VIP,2013-07-24,148,3,16198,10,5,27,5399.3333,599.9259
99,AW00011098,"Mallory Rubio",59,"50 and above",New,2013-10-16,145,3,178,8,4,8,59.3333,22.2500
100,AW00011099,"Adam Ross",59,"50 and above",VIP,2013-07-01,148,3,16432,18,8,26,5477.3333,632.0000
101,AW00011100,"Latasha Navarro",59,"50 and above",VIP,2013-08-07,147,3,16344,14,7,27,5448.0000,605.3333
102,AW00011101,"Abby Sai",55,"50 and above",VIP,2013-06-29,148,3,16524,14,7,26,5508.0000,635.5385
103,AW00011102,"Julia Nelson",55,"50 and above",New,2013-12-09,143,3,206,10,5,4,68.6667,51.5000
104,AW00011103,"Cassie Chande",44,40-49,VIP,2013-06-06,149,3,16364,16,8,25,5454.6667,654.5600
105,AW00011104,"Edgar Sara",50,"50 and above",VIP,2013-06-15,149,3,16346,12,6,25,5448.6667,653.8400
106,AW00011105,"Candace Fernandez",55,"50 and above",VIP,2013-06-05,149,3,16192,10,5,24,5397.3333,674.6667
107,AW00011106,"Jessie Liu",55,"50 and above",VIP,2013-06-15,149,3,16158,6,3,24,5386.0000,673.2500
108,AW00011107,"Bianca Lin",49,40-49,VIP,2013-06-21,149,3,16342,12,6,25,5447.3333,653.6800
109,AW00011108,"Kari Alvarez",56,"50 and above",VIP,2013-06-23,149,3,16248,10,5,25,5416.0000,649.9200
110,AW00011109,"Ruben Kapoor",45,40-49,VIP,2013-06-24,149,3,16490,16,8,25,5496.6667,659.6000
111,AW00011110,"Curtis Yang",57,"50 and above",VIP,2013-08-20,147,3,16186,10,5,27,5395.3333,599.4815
112,AW00011111,"Meredith Gutierrez",58,"50 and above",VIP,2013-08-22,147,3,16274,16,8,27,5424.6667,602.7407
113,AW00011112,"Crystal Wang",57,"50 and above",VIP,2013-09-02,146,3,16590,12,6,27,5530.0000,614.4444
114,AW00011113,"Micheal Blanco",52,"50 and above",New,2013-04-21,151,3,220,14,7,2,73.3333,110.0000
115,AW00011114,"Leslie Moreno",58,"50 and above",New,2013-12-26,142,3,246,14,6,9,82.0000,27.3333
116,AW00011115,"Alvin Cai",58,"50 and above",New,2014-01-02,142,3,228,12,6,10,76.0000,22.8000
117,AW00011116,"Clinton Carlson",46,40-49,New,2013-10-16,145,3,298,14,7,7,99.3333,42.5714
118,AW00011117,"April Deng",59,"50 and above",VIP,2013-06-25,149,3,16370,16,8,25,5456.6667,654.8000
119,AW00011118,"Alvin Zeng",62,"50 and above",New,2014-01-26,141,3,248,16,6,6,82.6667,41.3333
120,AW00011119,"Evan James",85,"50 and above",New,2013-11-23,144,2,170,8,4,9,85.0000,18.8889
121,AW00011120,"Beth JimÃ©nez",83,"50 and above",VIP,2013-09-19,146,3,16484,20,10,28,5494.6667,588.7143
122,AW00011121,"Orlando Suarez",59,"50 and above",New,2013-11-04,144,3,116,12,5,4,38.6667,29.0000
123,AW00011122,"Byron Vazquez",60,"50 and above",New,2013-08-22,147,3,86,6,3,6,28.6667,14.3333
124,AW00011123,"Philip Alvarez",59,"50 and above",New,2014-01-25,142,3,300,16,7,9,100.0000,33.3333
125,AW00011124,"Ross Jordan",57,"50 and above",VIP,2013-06-18,149,3,16258,12,6,25,5419.3333,650.3200
126,AW00011125,"Dana Navarro",64,"50 and above",New,2013-07-03,148,3,158,14,7,5,52.6667,31.6000
127,AW00011126,"Shaun Carson",71,"50 and above",VIP,2013-11-03,144,3,9942,16,7,29,3314.0000,342.8276
128,AW00011127,"Jan Edwards",44,40-49,New,2013-10-01,145,2,88,6,3,5,44.0000,17.6000
129,AW00011128,"Samantha Long",44,40-49,New,2013-08-12,147,2,288,14,7,1,144.0000,288.0000
130,AW00011129,"Julia Wright",44,40-49,VIP,2013-01-09,154,2,11746,4,2,17,5873.0000,690.9412
131,AW00011130,"Caroline Russell",40,40-49,New,2013-12-09,143,1,74,4,2,0,74.0000,74
132,AW00011131,"Amanda Rivera",40,40-49,New,2014-01-23,142,5,332,18,9,3,66.4000,110.6667
133,AW00011132,"Melissa Richardson",39,30-39,New,2013-04-09,151,1,4744,12,6,0,4744.0000,4744
134,AW00011133,"Angela Griffin",39,30-39,New,2013-12-30,142,1,144,8,4,0,144.0000,144
135,AW00011134,"Larry Townsend",68,"50 and above",VIP,2013-11-03,144,3,9822,6,3,30,3274.0000,327.4000
136,AW00011135,"Marcus Harris",40,40-49,New,2013-04-18,151,1,4670,6,3,0,4670.0000,4670
137,AW00011136,"Brianna Morgan",41,40-49,New,2013-01-03,154,1,4762,6,3,0,4762.0000,4762
138,AW00011137,"Jasmine Taylor",41,40-49,New,2014-01-20,142,2,404,10,4,5,202.0000,80.8000
139,AW00011138,"Lauren Davis",41,40-49,New,2013-12-31,142,2,158,8,4,3,79.0000,52.6667
140,AW00011139,"Tanya Moreno",76,"50 and above",New,2013-10-17,145,2,168,6,3,1,84.0000,168.0000
141,AW00011140,"Javier Alvarez",43,40-49,New,2013-03-19,152,1,80,4,2,0,80.0000,80
142,AW00011141,"Nicole Ramirez",42,40-49,New,2013-09-28,145,2,228,10,5,4,114.0000,57.0000
143,AW00011142,"Eduardo Patterson",42,40-49,New,2014-01-13,142,17,1958,72,23,11,115.1765,178.0000
144,AW00011143,"Jonathan Henderson",43,40-49,New,2013-12-19,143,2,96,10,4,6,48.0000,16.0000
145,AW00011144,"Edward Hernandez",40,40-49,New,2013-01-25,154,1,4800,6,3,0,4800.0000,4800
146,AW00011145,"Jasmine Coleman",40,40-49,New,2013-01-25,154,1,4620,6,3,0,4620.0000,4620
147,AW00011146,"Karla Goel",80,"50 and above",New,2013-09-15,146,3,226,14,6,7,75.3333,32.2857
148,AW00011147,"Ernest Wu",81,"50 and above",VIP,2013-10-16,145,3,16390,14,7,29,5463.3333,565.1724
149,AW00011148,"Ross Vazquez",78,"50 and above",New,2013-12-03,143,3,252,12,5,8,84.0000,31.5000
150,AW00011149,"Theodore Gill",79,"50 and above",New,2013-11-29,143,3,82,8,4,5,27.3333,16.4000
151,AW00011150,"Russell Shen",79,"50 and above",New,2013-07-15,148,3,384,16,7,3,128.0000,128.0000
152,AW00011151,"Melinda Gill",78,"50 and above",VIP,2013-10-20,145,3,16174,12,6,29,5391.3333,557.7241
153,AW00011152,"James Williams",44,40-49,New,2013-01-09,154,1,4590,2,1,0,4590.0000,4590
154,AW00011153,"Angela James",43,40-49,New,2013-03-29,151,2,220,10,5,0,110.0000,220
155,AW00011154,"Megan Walker",43,40-49,New,2013-01-10,154,1,4640,2,1,0,4640.0000,4640
156,AW00011155,"Hunter Robinson",44,40-49,New,2013-01-06,154,1,4640,2,1,0,4640.0000,4640
157,AW00011156,"Maria Roberts",44,40-49,New,2013-01-08,154,1,4780,8,4,0,4780.0000,4780
158,AW00011157,"Hannah Long",44,40-49,New,2013-09-11,146,2,82,6,3,1,41.0000,82.0000
159,AW00011158,"Jason Wright",44,40-49,New,2013-01-19,154,1,4792,6,3,0,4792.0000,4792
160,AW00011159,"Brianna Hughes",44,40-49,New,2013-11-07,144,2,96,10,4,1,48.0000,96.0000
161,AW00011160,"Maurice Tang",46,40-49,New,2013-02-21,153,1,4644,4,2,0,4644.0000,4644
162,AW00011161,"Emily Wood",46,40-49,New,2013-11-11,144,2,188,12,6,5,94.0000,37.6000
163,AW00011162,"Chase Cox",46,40-49,New,2013-02-18,153,1,4660,4,2,0,4660.0000,4660
164,AW00011163,"Gabriel Wang",45,40-49,New,2013-08-05,147,2,92,8,4,3,46.0000,30.6667
165,AW00011164,"Devin Brooks",46,40-49,New,2013-08-05,147,2,290,12,6,3,145.0000,96.6667
166,AW00011165,"Jocelyn Alexander",46,40-49,New,2013-06-05,149,2,206,6,3,0,103.0000,206
167,AW00011166,"Ashley Martinez",48,40-49,New,2013-12-06,143,2,176,10,5,1,88.0000,176.0000
168,AW00011167,"Jasmine Barnes",47,40-49,New,2013-11-28,143,2,6252,8,4,10,3126.0000,625.2000
169,AW00011168,"David Rodriguez",52,"50 and above",New,2013-11-16,144,2,6272,14,7,10,3136.0000,627.2000
170,AW00011169,"Bryce Richardson",51,"50 and above",New,2013-09-24,146,2,162,10,5,3,81.0000,54.0000
171,AW00011170,"Carol Howard",52,"50 and above",New,2013-12-29,142,2,314,14,7,4,157.0000,78.5000
172,AW00011171,"Jonathan Hill",47,40-49,VIP,2013-11-07,144,3,13432,16,8,26,4477.3333,516.6154
173,AW00011172,"Gabrielle Adams",52,"50 and above",New,2014-01-11,142,2,258,14,6,8,129.0000,32.2500
174,AW00011173,"Sarah Thomas",52,"50 and above",New,2013-12-24,143,2,206,6,3,9,103.0000,22.8889
175,AW00011174,"Nicholas Robinson",52,"50 and above",New,2013-07-25,148,2,96,10,4,0,48.0000,96
176,AW00011175,"Luis Wang",57,"50 and above",VIP,2013-11-03,144,3,13420,16,8,26,4473.3333,516.1538
177,AW00011176,"Mason Roberts",46,40-49,New,2014-01-27,141,28,2634,120,27,11,94.0714,239.4545
178,AW00011177,"Jose Flores",77,"50 and above",New,2013-10-14,145,2,270,12,6,6,135.0000,45.0000
179,AW00011178,"Nathan Johnson",71,"50 and above",New,2013-05-26,149,2,290,12,6,3,145.0000,96.6667
180,AW00011179,"Molly Rodriguez",65,"50 and above",New,2014-01-09,142,2,250,12,6,9,125.0000,27.7778
181,AW00011180,"April Anand",77,"50 and above",New,2013-09-25,146,2,276,12,6,6,138.0000,46.0000
182,AW00011181,"Devin Martin",65,"50 and above",New,2013-07-11,148,2,82,6,3,2,41.0000,41.0000
183,AW00011182,"Stephanie Torres",75,"50 and above",New,2014-01-05,142,2,162,10,5,4,81.0000,40.5000
184,AW00011183,"Jasmine Lee",75,"50 and above",New,2013-06-13,149,2,92,8,4,1,46.0000,92.0000
185,AW00011184,"Meghan Hernandez",70,"50 and above",New,2013-10-09,145,2,136,10,5,1,68.0000,136.0000
186,AW00011185,"Ashley Henderson",75,"50 and above",New,2014-01-26,141,27,3232,136,29,11,119.7037,293.8182
187,AW00011186,"Sarah Price",76,"50 and above",New,2014-01-07,142,2,82,6,3,2,41.0000,41.0000
188,AW00011187,"Jennifer Cooper",76,"50 and above",New,2013-08-06,147,2,216,8,4,4,108.0000,54.0000
189,AW00011188,"Catherine Morris",75,"50 and above",New,2014-01-21,142,2,162,10,5,2,81.0000,81.0000
190,AW00011189,"Lawrence Blanco",75,"50 and above",VIP,2013-02-05,153,2,11888,12,6,17,5944.0000,699.2941
191,AW00011190,"Carson Bryant",75,"50 and above",New,2014-01-16,142,2,92,8,4,4,46.0000,23.0000
192,AW00011191,"Kristi Perez",74,"50 and above",VIP,2013-11-06,144,3,13486,14,7,26,4495.3333,518.6923
193,AW00011192,"James Brown",74,"50 and above",New,2013-09-25,146,2,228,10,5,3,114.0000,76.0000
194,AW00011193,"Ian Gray",75,"50 and above",New,2013-08-18,147,2,82,6,3,5,41.0000,16.4000
195,AW00011194,"Jacqueline Price",74,"50 and above",New,2013-12-08,143,2,210,12,6,8,105.0000,26.2500
196,AW00011195,"Megan Henderson",74,"50 and above",New,2013-10-22,145,2,210,12,6,6,105.0000,35.0000
197,AW00011196,"Alfredo Romero",73,"50 and above",New,2013-09-24,146,2,324,8,4,6,162.0000,54.0000
198,AW00011197,"Andrea Morris",73,"50 and above",New,2013-07-20,148,2,414,12,5,2,207.0000,207.0000
199,AW00011198,"Brooke Sanders",73,"50 and above",New,2013-02-13,153,2,196,8,4,0,98.0000,196
200,AW00011199,"Jacqueline Bennett",68,"50 and above",New,2013-10-17,145,2,264,12,6,6,132.0000,44.0000
201,AW00011200,"Jason Griffin",72,"50 and above",New,2014-01-20,142,27,2922,110,26,11,108.2222,265.6364
202,AW00011201,"Amanda Foster",72,"50 and above",New,2013-09-09,146,2,362,12,6,2,181.0000,181.0000
203,AW00011202,"Alexia Price",67,"50 and above",New,2013-09-21,146,2,148,6,3,0,74.0000,148
204,AW00011203,"Luis Diaz",66,"50 and above",New,2013-12-11,143,17,1600,64,19,9,94.1176,177.7778
205,AW00011204,"Destiny Rivera",71,"50 and above",New,2013-11-10,144,2,154,8,4,3,77.0000,51.3333
206,AW00011205,"Abby Fernandez",71,"50 and above",New,2013-10-08,145,2,74,4,2,2,37.0000,37.0000
207,AW00011206,"Blake Flores",71,"50 and above",New,2013-05-30,149,2,154,8,4,0,77.0000,154
208,AW00011207,"Danielle Cox",71,"50 and above",New,2013-10-18,145,2,154,8,4,8,77.0000,19.2500
209,AW00011208,"Maria Reed",72,"50 and above",New,2013-09-17,146,2,268,14,7,6,134.0000,44.6667
210,AW00011209,"Allison Evans",72,"50 and above",New,2014-01-22,142,2,74,4,2,9,37.0000,8.2222
211,AW00011210,"Edward Wood",71,"50 and above",New,2013-09-06,146,2,140,10,5,4,70.0000,35.0000
212,AW00011211,"Samantha Russell",65,"50 and above",New,2014-01-07,142,17,1584,66,22,11,93.1765,144.0000
213,AW00011212,"Chloe Campbell",70,"50 and above",New,2014-01-17,142,17,1648,66,20,11,96.9412,149.8182
214,AW00011213,"Stephanie Murphy",71,"50 and above",New,2013-09-09,146,2,154,8,4,5,77.0000,30.8000
215,AW00011214,"Charles Miller",70,"50 and above",New,2013-11-19,144,2,324,8,4,3,162.0000,108.0000
216,AW00011215,"Ana Perry",64,"50 and above",New,2013-12-15,143,17,2308,64,21,10,135.7647,230.8000
217,AW00011216,"Jasmine Torres",70,"50 and above",VIP,2013-02-05,153,2,11896,10,5,17,5948.0000,699.7647
218,AW00011217,"Natalie Adams",70,"50 and above",VIP,2013-02-14,153,2,11906,6,3,18,5953.0000,661.4444
219,AW00011218,"Olivia Brown",64,"50 and above",New,2014-01-04,142,2,78,6,2,10,39.0000,7.8000
220,AW00011219,"Charles Cook",69,"50 and above",New,2014-01-24,142,2,78,6,2,2,39.0000,39.0000
221,AW00011220,"Erica Huang",64,"50 and above",New,2013-12-13,143,2,100,8,4,8,50.0000,12.5000
222,AW00011221,"Nathan Perry",69,"50 and above",New,2013-10-17,145,2,92,8,4,6,46.0000,15.3333
223,AW00011222,"Alexandra Rivera",69,"50 and above",New,2013-11-28,143,2,416,12,6,0,208.0000,416
224,AW00011223,"Hailey Patterson",68,"50 and above",New,2014-01-06,142,27,2586,130,26,11,95.7778,235.0909
225,AW00011224,"Tiffany Li",68,"50 and above",VIP,2013-12-03,143,3,13370,10,5,27,4456.6667,495.1852
226,AW00011225,"Madison Lee",63,"50 and above",New,2013-09-06,146,2,146,10,5,2,73.0000,73.0000
227,AW00011226,"Sydney Ross",63,"50 and above",New,2013-03-31,151,2,74,4,2,1,37.0000,74.0000
228,AW00011227,"Marshall Chavez",63,"50 and above",VIP,2013-02-10,153,2,11820,10,5,18,5910.0000,656.6667
229,AW00011228,"Ashley Jones",69,"50 and above",New,2014-01-17,142,2,154,8,4,2,77.0000,77.0000
230,AW00011229,"Adrian Stewart",68,"50 and above",New,2014-01-25,142,2,162,10,5,5,81.0000,32.4000
231,AW00011230,"Amber Turner",69,"50 and above",New,2013-12-09,143,2,108,10,5,4,54.0000,27.0000
232,AW00011231,"Dennis Zhang",62,"50 and above",New,2013-11-12,144,2,128,8,4,9,64.0000,14.2222
233,AW00011232,"Hailey Bryant",67,"50 and above",New,2013-11-13,144,2,78,6,2,1,39.0000,78.0000
234,AW00011233,"Todd Li",62,"50 and above",New,2013-06-08,149,2,358,14,7,4,179.0000,89.5000
235,AW00011234,"Anna Griffin",67,"50 and above",New,2013-09-19,146,2,152,8,4,7,76.0000,21.7143
236,AW00011235,"Angel Stewart",68,"50 and above",New,2014-01-05,142,2,276,12,5,6,138.0000,46.0000
237,AW00011236,"Jeremy Butler",68,"50 and above",New,2014-01-06,142,2,228,10,5,3,114.0000,76.0000
238,AW00011237,"Clarence Anand",61,"50 and above",VIP,2013-11-25,144,4,21132,12,6,26,5283.0000,812.7692
239,AW00011238,"Mayra Prasad",61,"50 and above",VIP,2013-04-30,150,4,15086,18,9,27,3771.5000,558.7407
240,AW00011239,"Latoya Goel",56,"50 and above",VIP,2013-05-28,149,4,15022,22,11,28,3755.5000,536.5000
241,AW00011240,"Anne Hernandez",61,"50 and above",VIP,2013-05-13,150,4,15172,26,10,26,3793.0000,583.5385
242,AW00011241,"Lisa Cai",51,"50 and above",VIP,2013-10-29,144,7,22936,50,20,13,3276.5714,1764.3077
243,AW00011242,"Larry Munoz",62,"50 and above",VIP,2013-12-04,143,7,22134,24,12,14,3162.0000,1581.0000
244,AW00011243,"Robin Alvarez",62,"50 and above",VIP,2013-06-09,149,4,14328,24,10,27,3582.0000,530.6667
245,AW00011244,"Alexis Coleman",57,"50 and above",VIP,2013-07-19,148,4,14350,24,11,29,3587.5000,494.8276
246,AW00011245,"Ricky Vazquez",63,"50 and above",VIP,2013-12-11,143,4,21160,18,9,26,5290.0000,813.8462
247,AW00011246,"Latasha Rubio",63,"50 and above",VIP,2013-12-20,143,4,21150,14,7,26,5287.5000,813.4615
248,AW00011247,"Claudia Zhou",63,"50 and above",VIP,2013-08-17,147,4,14262,24,11,29,3565.5000,491.7931
249,AW00011248,"Tristan Alexander",59,"50 and above",New,2013-07-14,148,1,76,6,3,0,76.0000,76
250,AW00011249,"Cindy Patel",59,"50 and above",VIP,2013-09-15,146,4,19780,22,11,23,4945.0000,860.0000
251,AW00011250,"Shannon Liu",59,"50 and above",VIP,2013-08-06,147,4,14230,22,10,28,3557.5000,508.2143
252,AW00011251,"Xavier Long",87,"50 and above",New,2013-10-18,145,1,4638,8,4,0,4638.0000,4638
253,AW00011252,"Nicholas Thompson",87,"50 and above",VIP,2013-12-18,143,3,13370,14,7,28,4456.6667,477.5000
254,AW00011253,"JosÃ© Hernandez",76,"50 and above",New,2013-12-03,143,16,1390,60,16,9,86.8750,154.4444
255,AW00011254,"Johnathan Vance",87,"50 and above",New,2013-12-14,143,2,408,18,9,0,204.0000,408
256,AW00011255,"Colin Lin",87,"50 and above",New,2013-03-31,151,2,228,10,5,1,114.0000,228.0000
257,AW00011256,"Katelyn Hernandez",86,"50 and above",New,2013-10-16,145,2,162,10,5,6,81.0000,27.0000
258,AW00011257,"Jacqueline Powell",NULL,"50 and above",VIP,2013-12-14,143,3,13352,12,6,27,4450.6667,494.5185
259,AW00011258,"Xavier Hill",86,"50 and above",New,2013-07-15,148,2,98,8,4,1,49.0000,98.0000
260,AW00011259,"Victoria Stewart",55,"50 and above",VIP,2013-12-20,143,3,13540,10,5,27,4513.3333,501.4815
261,AW00011260,"Katelyn Kelly",49,40-49,New,2013-06-23,149,2,162,10,5,4,81.0000,40.5000
262,AW00011261,"Stephanie Collins",55,"50 and above",VIP,2013-12-23,143,3,13300,8,4,26,4433.3333,511.5385
263,AW00011262,"Jennifer Simmons",50,"50 and above",New,2014-01-22,142,27,2248,126,26,10,83.2593,224.8000
264,AW00011263,"Trinity Richardson",55,"50 and above",VIP,2013-12-10,143,3,13506,18,9,27,4502.0000,500.2222
265,AW00011264,"Eduardo Martin",55,"50 and above",New,2013-11-30,143,2,6364,16,8,10,3182.0000,636.4000
266,AW00011265,"Elizabeth Jones",55,"50 and above",New,2013-01-03,154,1,4704,6,3,0,4704.0000,4704
267,AW00011266,"Taylor Howard",56,"50 and above",VIP,2013-01-20,154,2,11844,10,5,16,5922.0000,740.2500
268,AW00011267,"David Diaz",50,"50 and above",VIP,2013-01-07,154,2,11886,10,5,15,5943.0000,792.4000
269,AW00011268,"Katelyn Carter",56,"50 and above",New,2013-11-16,144,2,196,10,5,5,98.0000,39.2000
270,AW00011269,"Ryan Foster",50,"50 and above",New,2013-09-10,146,2,84,6,3,0,42.0000,84
271,AW00011270,"Robert Lee",50,"50 and above",VIP,2013-01-07,154,2,11968,10,5,15,5984.0000,797.8667
272,AW00011271,"Danielle Reed",55,"50 and above",VIP,2013-01-22,154,2,11946,10,5,15,5973.0000,796.4000
273,AW00011272,"Lauren Martinez",63,"50 and above",VIP,2013-01-13,154,2,11950,8,4,15,5975.0000,796.6667
274,AW00011273,"Nathan Lal",63,"50 and above",New,2013-05-23,150,2,546,16,8,0,273.0000,546
275,AW00011274,"Kyle Foster",86,"50 and above",VIP,2013-02-24,153,2,11776,8,4,17,5888.0000,692.7059
276,AW00011275,"Jenny Rai",86,"50 and above",VIP,2013-01-12,154,2,11910,8,4,16,5955.0000,744.3750
277,AW00011276,"Nancy Chapman",51,"50 and above",New,2014-01-22,142,27,1974,114,22,11,73.1111,179.4545
278,AW00011277,"Charles Jackson",56,"50 and above",New,2014-01-16,142,27,2868,130,26,11,106.2222,260.7273
279,AW00011278,"Jonathan Phillips",56,"50 and above",VIP,2013-01-03,154,2,11816,6,3,15,5908.0000,787.7333
280,AW00011279,"Amanda Cook",51,"50 and above",New,2013-06-22,149,2,88,8,3,3,44.0000,29.3333
281,AW00011280,"Robert Collins",56,"50 and above",New,2013-08-08,147,2,154,8,4,1,77.0000,154.0000
282,AW00011281,"Megan Barnes",51,"50 and above",VIP,2013-01-11,154,2,11842,10,5,15,5921.0000,789.4667
283,AW00011282,"Christian Thomas",58,"50 and above",VIP,2013-01-02,154,2,11998,12,6,16,5999.0000,749.8750
284,AW00011283,"Arturo Lal",57,"50 and above",New,2013-08-28,146,2,88,8,3,2,44.0000,44.0000
285,AW00011284,"Theresa Serrano",58,"50 and above",New,2013-05-02,150,2,110,10,3,2,55.0000,55.0000
286,AW00011285,"Jeremy Anderson",52,"50 and above",New,2013-10-26,144,2,256,10,5,2,128.0000,128.0000
287,AW00011286,"Hunter Griffin",58,"50 and above",VIP,2013-01-20,154,2,11908,10,5,15,5954.0000,793.8667
288,AW00011287,"Henry Garcia",59,"50 and above",New,2014-01-28,141,27,2330,124,23,11,86.2963,211.8182
289,AW00011288,"Cindy Sanchez",47,40-49,New,2013-08-21,147,2,154,8,4,5,77.0000,30.8000
290,AW00011289,"Maria Carter",53,"50 and above",VIP,2013-01-16,154,2,11810,10,5,16,5905.0000,738.1250
291,AW00011290,"Katelyn Sanchez",53,"50 and above",VIP,2013-01-27,153,2,11866,6,3,16,5933.0000,741.6250
292,AW00011291,"Jenna Wright",53,"50 and above",VIP,2013-01-19,154,2,11746,4,2,16,5873.0000,734.1250
293,AW00011292,"Seth Phillips",58,"50 and above",VIP,2012-12-31,154,2,11820,10,5,15,5910.0000,788.0000
294,AW00011293,"Luke Long",65,"50 and above",New,2013-03-15,152,2,170,10,5,0,85.0000,170
295,AW00011294,"Dalton Clark",64,"50 and above",New,2014-01-03,142,2,84,6,3,3,42.0000,28.0000
296,AW00011295,"Taylor Lewis",66,"50 and above",VIP,2013-01-09,154,2,12116,10,5,15,6058.0000,807.7333
297,AW00011296,"Haley Richardson",84,"50 and above",VIP,2013-01-29,153,2,11794,8,4,16,5897.0000,737.1250
298,AW00011297,"Noah Coleman",85,"50 and above",VIP,2013-02-20,153,2,11896,10,5,16,5948.0000,743.5000
299,AW00011298,"Jon Luo",85,"50 and above",VIP,2013-02-21,153,2,11844,10,5,17,5922.0000,696.7059
300,AW00011299,"Orlando Vazquez",84,"50 and above",VIP,2013-02-24,153,2,12030,8,4,16,6015.0000,751.8750
301,AW00011300,"Fernando Barnes",60,"50 and above",New,2013-12-31,142,27,2998,134,28,11,111.0370,272.5455
302,AW00011301,"Cameron Rodriguez",59,"50 and above",New,2013-10-11,145,2,262,10,5,4,131.0000,65.5000
303,AW00011302,"Spencer Russell",53,"50 and above",VIP,2013-02-02,153,2,11876,10,5,16,5938.0000,742.2500
304,AW00011303,"Julia Coleman",59,"50 and above",VIP,2013-02-23,153,2,11750,6,3,17,5875.0000,691.1765
305,AW00011304,"Julia Garcia",54,"50 and above",New,2013-04-22,151,2,244,10,5,1,122.0000,244.0000
306,AW00011305,"Sean Evans",59,"50 and above",New,2013-08-04,147,2,154,8,4,4,77.0000,38.5000
307,AW00011306,"Micah Zhou",59,"50 and above",New,2013-09-07,146,2,84,6,3,2,42.0000,42.0000
308,AW00011307,"Hunter Rodriguez",60,"50 and above",VIP,2013-02-08,153,2,11928,10,5,17,5964.0000,701.6471
309,AW00011308,"Ian Gonzales",66,"50 and above",New,2014-01-15,142,2,188,8,4,4,94.0000,47.0000
310,AW00011309,"Victoria Lewis",65,"50 and above",New,2014-01-05,142,2,84,6,3,5,42.0000,16.8000
311,AW00011310,"Erin Sanders",61,"50 and above",New,2013-12-24,143,2,154,8,4,4,77.0000,38.5000
312,AW00011311,"Gabrielle Lopez",66,"50 and above",New,2013-09-13,146,2,154,8,4,4,77.0000,38.5000
313,AW00011312,"Sara Richardson",67,"50 and above",New,2013-06-02,149,2,84,6,3,0,42.0000,84
314,AW00011313,"Trevor Jenkins",67,"50 and above",New,2013-11-26,143,2,88,8,3,6,44.0000,14.6667
315,AW00011314,"Mya Flores",55,"50 and above",New,2013-12-03,143,2,94,8,3,9,47.0000,10.4444
316,AW00011315,"Hailey Ward",66,"50 and above",New,2013-12-17,143,2,84,6,3,6,42.0000,14.0000
317,AW00011316,"Luke Allen",66,"50 and above",New,2013-01-12,154,1,4700,4,2,0,4700.0000,4700
318,AW00011317,"Victoria Russell",62,"50 and above",VIP,2013-02-18,153,2,11746,4,2,17,5873.0000,690.9412
319,AW00011318,"Jessica Wilson",67,"50 and above",New,2013-11-08,144,2,88,8,3,0,44.0000,88
320,AW00011319,"Jade Bailey",77,"50 and above",VIP,2013-02-24,153,2,11860,8,4,17,5930.0000,697.6471
321,AW00011320,"Morgan Hill",82,"50 and above",New,2013-08-19,147,2,144,10,5,2,72.0000,72.0000
322,AW00011321,"Terrance Raman",81,"50 and above",New,2013-05-28,149,2,74,4,2,3,37.0000,24.6667
323,AW00011322,"Sydney Garcia",82,"50 and above",New,2013-05-21,150,2,88,8,3,1,44.0000,88.0000
324,AW00011323,"Jose Patterson",81,"50 and above",VIP,2013-01-30,153,2,12148,12,6,16,6074.0000,759.2500
325,AW00011324,"Zachary Anderson",81,"50 and above",VIP,2013-02-05,153,2,11890,8,4,16,5945.0000,743.1250
326,AW00011325,"Elijah Ross",80,"50 and above",VIP,2013-01-31,153,2,12088,14,7,16,6044.0000,755.5000
327,AW00011326,"Rafael Xie",80,"50 and above",VIP,2013-02-20,153,2,11896,10,5,17,5948.0000,699.7647
328,AW00011327,"Jaime Moreno",80,"50 and above",VIP,2013-02-01,153,2,11830,10,5,16,5915.0000,739.3750
329,AW00011328,"Julian Griffin",80,"50 and above",New,2013-04-07,151,2,9436,8,4,3,4718.0000,3145.3333
330,AW00011329,"Andy Alvarez",79,"50 and above",VIP,2013-02-10,153,2,11796,4,2,16,5898.0000,737.2500
331,AW00011330,"Ryan Thompson",80,"50 and above",New,2014-01-22,142,27,2268,114,24,11,84.0000,206.1818
332,AW00011331,"Samantha Jenkins",51,"50 and above",New,2014-01-24,142,27,2654,116,24,11,98.2963,241.2727
333,AW00011332,"Deanna Ramos",57,"50 and above",VIP,2013-01-06,154,2,11510,6,3,14,5755.0000,822.1429
334,AW00011333,"Emily Miller",57,"50 and above",VIP,2013-07-14,148,3,16326,12,6,27,5442.0000,604.6667
335,AW00011334,"Nicole Brown",59,"50 and above",VIP,2013-07-27,147,3,16308,12,6,28,5436.0000,582.4286
336,AW00011335,"Carla Raman",47,40-49,VIP,2013-01-04,154,2,11488,8,4,14,5744.0000,820.5714
337,AW00011336,"Shaun Raji",52,"50 and above",New,2013-01-05,154,2,8882,10,5,3,4441.0000,2960.6667
338,AW00011337,"Jerome Romero",58,"50 and above",VIP,2013-07-19,148,3,16324,16,7,28,5441.3333,583.0000
339,AW00011338,"Frank Navarro",53,"50 and above",VIP,2012-12-30,154,2,11490,10,5,14,5745.0000,820.7143
340,AW00011339,"Dennis She",58,"50 and above",New,2013-01-25,154,2,8758,6,3,3,4379.0000,2919.3333
341,AW00011340,"Melody Munoz",78,"50 and above",New,2013-01-02,154,2,8826,10,5,2,4413.0000,4413.0000
342,AW00011341,"Randy Zeng",83,"50 and above",VIP,2013-07-19,148,3,16384,16,8,27,5461.3333,606.8148
343,AW00011342,"Marshall Wang",52,"50 and above",New,2013-07-12,148,1,98,6,3,0,98.0000,98
344,AW00011343,"Arthur Carlson",50,"50 and above",VIP,2013-07-24,148,3,16444,18,9,27,5481.3333,609.0370
345,AW00011344,"Jessie Jimenez",62,"50 and above",VIP,2013-07-23,148,3,16238,14,7,26,5412.6667,624.5385
346,AW00011345,"Robin Ramos",63,"50 and above",New,2012-12-31,154,2,8808,6,3,2,4404.0000,4404.0000
347,AW00011346,"Deanna Gutierrez",59,"50 and above",New,2013-02-11,153,2,9006,14,7,4,4503.0000,2251.5000
348,AW00011347,"Roy Navarro",53,"50 and above",New,2013-03-16,152,1,28,4,2,0,28.0000,28
349,AW00011348,"Shawn Rai",64,"50 and above",New,2013-03-31,151,1,136,6,3,0,136.0000,136
350,AW00011349,"Mindy Luo",60,"50 and above",New,2014-01-13,142,1,136,6,3,0,136.0000,136
351,AW00011350,"Cara Zhou",83,"50 and above",New,2013-02-05,153,1,76,6,3,0,76.0000,76
352,AW00011351,"Anne Ramos",75,"50 and above",VIP,2013-08-28,146,3,16136,10,5,26,5378.6667,620.6154
353,AW00011352,"Raymond Rodriguez",80,"50 and above",New,2013-05-01,150,1,28,4,2,0,28.0000,28
354,AW00011353,"Carrie Ortega",78,"50 and above",VIP,2013-08-08,147,3,16156,12,6,25,5385.3333,646.2400
355,AW00011354,"Deanna Suarez",78,"50 and above",New,2013-12-03,143,1,46,6,3,0,46.0000,46
356,AW00011355,"Roberto Gutierrez",77,"50 and above",New,2013-09-26,145,1,28,4,2,0,28.0000,28
357,AW00011356,"Terrence Carson",40,40-49,VIP,2013-10-31,144,3,10138,16,8,29,3379.3333,349.5862
358,AW00011357,"Ramon Ye",41,40-49,VIP,2013-10-29,144,3,9886,10,5,28,3295.3333,353.0714
359,AW00011358,"Cynthia Malhotra",41,40-49,VIP,2013-11-14,144,3,10068,16,8,28,3356.0000,359.5714
360,AW00011359,"Jarrod Prasad",41,40-49,VIP,2013-12-04,143,3,9918,16,8,29,3306.0000,342.0000
361,AW00011360,"Tyrone Serrano",41,40-49,VIP,2013-12-22,143,3,10050,12,6,29,3350.0000,346.5517
362,AW00011361,"Cindy Ramos",43,40-49,New,2013-11-24,144,2,230,8,4,1,115.0000,230.0000
363,AW00011362,"Damien Shan",42,40-49,New,2013-09-24,146,2,154,6,3,5,77.0000,30.8000
364,AW00011363,"Julian Ross",42,40-49,VIP,2013-12-18,143,3,10070,10,5,30,3356.6667,335.6667
365,AW00011364,"Jennifer Collins",40,40-49,VIP,2013-12-26,142,3,9842,8,4,30,3280.6667,328.0667
366,AW00011365,"Brittney Sun",40,40-49,VIP,2013-12-22,143,3,10048,14,7,30,3349.3333,334.9333
367,AW00011366,"Virginia Patel",40,40-49,New,2013-08-15,147,2,154,6,3,1,77.0000,154.0000
368,AW00011367,"Calvin Nara",41,40-49,New,2013-11-25,144,2,172,8,4,4,86.0000,43.0000
369,AW00011368,"Edward Miller",41,40-49,VIP,2013-12-01,143,3,10210,22,11,29,3403.3333,352.0690
370,AW00011369,"Ashlee Tang",41,40-49,New,2013-12-27,142,2,238,8,4,5,119.0000,47.6000
371,AW00011370,"Alicia Xu",42,40-49,New,2013-10-01,145,2,160,6,3,2,80.0000,80.0000
372,AW00011371,"Lacey Jai",42,40-49,New,2013-12-28,142,2,150,4,2,1,75.0000,150.0000
373,AW00011372,"Wendy Romero",42,40-49,VIP,2013-12-14,143,3,9930,10,5,30,3310.0000,331.0000
374,AW00011373,"Carly Luo",71,"50 and above",New,2013-08-27,146,1,76,6,3,0,76.0000,76
375,AW00011374,"Jimmy Ortega",76,"50 and above",New,2013-04-15,151,1,138,6,3,0,138.0000,138
376,AW00011375,"Francisco Martinez",77,"50 and above",New,2013-10-17,145,1,28,4,2,0,28.0000,28
377,AW00011376,"Lance Vazquez",76,"50 and above",New,2013-10-15,145,1,156,4,2,0,156.0000,156
378,AW00011377,"David Robinett",59,"50 and above",New,2013-02-28,152,1,168,6,3,0,168.0000,168
379,AW00011378,"Shannon Liang",60,"50 and above",New,2013-02-14,153,2,8872,8,4,3,4436.0000,2957.3333
380,AW00011379,"Gary Vazquez",49,40-49,New,2013-02-26,152,2,8852,8,4,4,4426.0000,2213.0000
381,AW00011380,"Mitchell Kumar",61,"50 and above",VIP,2013-02-03,153,2,11676,12,6,15,5838.0000,778.4000
382,AW00011381,"Meredith Raman",55,"50 and above",VIP,2013-08-18,147,3,16322,10,5,26,5440.6667,627.7692
383,AW00011382,"Edward Patterson",51,"50 and above",New,2013-02-16,153,2,8688,4,2,3,4344.0000,2896.0000
384,AW00011383,"Marie Gill",59,"50 and above",New,2014-01-01,142,1,98,6,3,0,98.0000,98
385,AW00011384,"Tiffany Wang",54,"50 and above",New,2013-08-02,147,1,98,6,3,0,98.0000,98
386,AW00011385,"Miguel Allen",54,"50 and above",New,2013-07-06,148,1,28,4,2,0,28.0000,28
387,AW00011386,"Jaclyn Cai",54,"50 and above",New,2013-11-02,144,1,138,6,3,0,138.0000,138
388,AW00011387,"Megan Ramirez",60,"50 and above",VIP,2013-04-01,151,3,13918,12,6,20,4639.3333,695.9000
389,AW00011388,"Joseph Martin",60,"50 and above",VIP,2013-04-26,150,3,13974,14,7,21,4658.0000,665.4286
390,AW00011389,"Karl Shan",44,40-49,New,2013-11-17,144,1,138,6,3,0,138.0000,138
391,AW00011390,"Christine Raji",49,40-49,New,2013-11-07,144,1,98,6,3,0,98.0000,98
392,AW00011391,"Lindsay Xie",49,40-49,New,2013-10-26,144,1,68,4,2,0,68.0000,68
393,AW00011392,"Willie Zhao",44,40-49,New,2013-03-29,151,1,58,2,1,0,58.0000,58
394,AW00011393,"Kurt Pal",51,"50 and above",New,2013-07-16,148,1,28,4,2,0,28.0000,28
395,AW00011394,"George McDonald",50,"50 and above",VIP,2013-08-02,147,3,16324,14,7,24,5441.3333,680.1667
396,AW00011395,"Beth Gutierrez",49,40-49,VIP,2013-02-20,153,2,11460,6,3,15,5730.0000,764.0000
397,AW00011396,"Ian Lopez",50,"50 and above",New,2013-10-26,144,1,58,2,1,0,58.0000,58
398,AW00011397,"Latoya Shan",50,"50 and above",New,2013-07-07,148,1,76,6,3,0,76.0000,76
399,AW00011398,"Colin Nath",50,"50 and above",VIP,2013-08-02,147,3,16228,8,4,24,5409.3333,676.1667
400,AW00011399,"Brenda Mehta",50,"50 and above",New,2013-04-13,151,1,28,4,2,0,28.0000,28
401,AW00011400,"Franklin Raji",45,40-49,VIP,2013-07-19,148,3,13936,16,7,24,4645.3333,580.6667
402,AW00011401,"Linda Navarro",50,"50 and above",New,2013-03-08,152,3,10040,12,6,4,3346.6667,2510.0000
403,AW00011402,"Kelli Cai",50,"50 and above",New,2013-04-02,151,3,10118,20,9,4,3372.6667,2529.5000
404,AW00011403,"Nancy Schmidt",45,40-49,New,2013-05-28,149,3,10064,18,9,7,3354.6667,1437.7143
405,AW00011404,"Megan Taylor",68,"50 and above",New,2013-02-10,153,1,68,4,2,0,68.0000,68
406,AW00011405,"Bonnie Goel",68,"50 and above",New,2013-03-31,151,1,108,2,1,0,108.0000,108
407,AW00011406,"Latoya Xu",67,"50 and above",New,2013-02-09,153,2,8830,12,6,3,4415.0000,2943.3333
408,AW00011407,"Mario She",68,"50 and above",New,2013-06-23,149,1,108,2,1,0,108.0000,108
409,AW00011408,"Darren Gill",61,"50 and above",New,2013-03-05,152,1,68,6,3,0,68.0000,68
410,AW00011409,"Jacqueline Hayes",46,40-49,New,2013-01-28,153,2,8888,10,5,2,4444.0000,4444.0000
411,AW00011410,"Maurice Goel",NULL,"50 and above",New,2013-02-04,153,2,8928,10,5,2,4464.0000,4464.0000
412,AW00011411,"Devin Ross",66,"50 and above",New,2013-08-04,147,1,76,6,3,0,76.0000,76
413,AW00011412,"Sydney Bryant",66,"50 and above",VIP,2013-10-11,145,4,19760,22,10,23,4940.0000,859.1304
414,AW00011413,"Megan Stewart",66,"50 and above",VIP,2013-09-05,146,4,14380,22,10,24,3595.0000,599.1667
415,AW00011414,"Ian Richardson",66,"50 and above",VIP,2013-09-15,146,4,14382,20,10,25,3595.5000,575.2800
416,AW00011415,"Randy She",75,"50 and above",New,2013-08-16,147,1,28,4,2,0,28.0000,28
417,AW00011416,"Katrina Becker",75,"50 and above",New,2013-05-05,150,3,9856,10,4,5,3285.3333,1971.2000
418,AW00011417,"Lacey Zheng",75,"50 and above",VIP,2013-12-15,143,7,22496,34,14,13,3213.7143,1730.4615
419,AW00011418,"Rafael Hu",75,"50 and above",New,2013-12-17,143,1,80,4,2,0,80.0000,80
420,AW00011419,"Kyle Scott",75,"50 and above",New,2013-06-27,148,2,462,12,6,3,231.0000,154.0000
421,AW00011420,"Jordan Turner",73,"50 and above",VIP,2013-11-29,143,7,22400,34,16,12,3200.0000,1866.6667
422,AW00011421,"Amy Sun",73,"50 and above",VIP,2013-10-09,145,4,19560,8,4,23,4890.0000,850.4348
423,AW00011422,"Dustin Deng",73,"50 and above",VIP,2013-11-03,144,4,14150,20,10,26,3537.5000,544.2308
424,AW00011423,"Jasmine Stewart",65,"50 and above",VIP,2013-10-20,145,4,19810,20,10,22,4952.5000,900.4545
425,AW00011424,"Pamela Garcia",60,"50 and above",New,2013-04-21,151,1,88,4,2,0,88.0000,88
426,AW00011425,"Ariana Gray",60,"50 and above",VIP,2013-12-21,143,6,21056,30,15,12,3509.3333,1754.6667
427,AW00011426,"Kristopher Mehta",66,"50 and above",New,2013-04-09,151,1,70,2,1,0,70.0000,70
428,AW00011427,"Desiree Dominguez",66,"50 and above",VIP,2013-10-20,145,4,19836,18,8,22,4959.0000,901.6364
429,AW00011428,"Deanna Perez",66,"50 and above",VIP,2013-10-22,145,4,19908,24,12,22,4977.0000,904.9091
430,AW00011429,"Marco Lopez",67,"50 and above",VIP,2013-12-24,143,6,20936,34,14,12,3489.3333,1744.6667
431,AW00011430,"Casey Yuan",68,"50 and above",New,2013-03-19,152,1,170,4,2,0,170.0000,170
432,AW00011431,"Bryant Garcia",51,"50 and above",VIP,2013-09-30,145,4,19826,22,8,21,4956.5000,944.0952
433,AW00011432,"Dominique Prasad",68,"50 and above",VIP,2013-12-25,143,6,18660,32,15,12,3110.0000,1555.0000
434,AW00011433,"Maurice Shan",68,"50 and above",New,2013-09-14,146,6,25828,26,12,9,4304.6667,2869.7778
435,AW00011434,"Andre Lopez",63,"50 and above",New,2013-07-15,148,2,140,8,4,1,70.0000,140.0000
436,AW00011435,"Robin Romero",70,"50 and above",New,2014-01-04,142,1,70,2,1,0,70.0000,70
437,AW00011436,"Taylor Cox",69,"50 and above",New,2013-06-19,149,2,162,8,4,0,81.0000,162
438,AW00011437,"Alfredo Moreno",70,"50 and above",New,2013-12-19,143,1,108,2,1,0,108.0000,108
439,AW00011438,"Jenny Nara",70,"50 and above",New,2013-02-05,153,1,70,2,1,0,70.0000,70
440,AW00011439,"Janet Munoz",72,"50 and above",New,2013-10-20,145,6,24976,28,12,10,4162.6667,2497.6000
441,AW00011440,"Sergio Weber",72,"50 and above",New,2013-03-27,151,1,156,4,2,0,156.0000,156
442,AW00011441,"Erika Gomez",72,"50 and above",New,2014-01-08,142,1,88,4,2,0,88.0000,88
443,AW00011442,"Joseph Harris",72,"50 and above",New,2013-09-29,145,1,70,2,1,0,70.0000,70
444,AW00011443,"Grace Griffin",44,40-49,VIP,2013-10-01,145,3,16470,16,8,27,5490.0000,610.0000
445,AW00011444,"Tina Mehta",44,40-49,VIP,2013-06-02,149,3,16272,10,5,24,5424.0000,678.0000
446,AW00011445,"Kari Kim",45,40-49,VIP,2013-06-28,148,3,16196,10,5,24,5398.6667,674.8333
447,AW00011446,"Bethany Chander",45,40-49,VIP,2013-06-21,149,3,16474,14,6,24,5491.3333,686.4167
448,AW00011447,"Jennifer Roberts",45,40-49,VIP,2013-05-31,149,3,16156,12,6,23,5385.3333,702.4348
449,AW00011448,"Kyle Patterson",45,40-49,VIP,2013-06-21,149,3,16264,14,7,24,5421.3333,677.6667
450,AW00011449,"Alvin Hu",45,40-49,VIP,2013-06-24,149,3,16260,14,7,24,5420.0000,677.5000
451,AW00011450,"Brett Mehta",44,40-49,VIP,2013-06-17,149,3,16346,18,9,23,5448.6667,710.6957
452,AW00011451,"Ruben MuÃ±oz",45,40-49,VIP,2013-06-05,149,3,16500,18,9,22,5500.0000,750.0000
453,AW00011452,"Erika Rubio",46,40-49,VIP,2013-06-12,149,3,16366,10,5,23,5455.3333,711.5652
454,AW00011453,"Stanley Malhotra",41,40-49,VIP,2013-06-19,149,3,16354,12,6,23,5451.3333,711.0435
455,AW00011454,"Melinda Navarro",46,40-49,VIP,2013-06-18,149,3,16178,8,4,22,5392.6667,735.3636
456,AW00011455,"Ross Sanz",46,40-49,VIP,2013-05-31,149,3,16284,10,5,22,5428.0000,740.1818
457,AW00011456,"Jon Gao",45,40-49,VIP,2013-05-31,149,3,16448,22,10,22,5482.6667,747.6364
458,AW00011457,"Jaime Gutierrez",47,40-49,VIP,2013-06-01,149,3,16422,20,9,22,5474.0000,746.4545
459,AW00011458,"Bianca Liu",47,40-49,New,2014-01-18,142,3,194,14,7,9,64.6667,21.5556
460,AW00011459,"Tasha Deng",47,40-49,VIP,2013-06-18,149,3,16282,10,5,22,5427.3333,740.0909
461,AW00011460,"Melvin Chande",42,40-49,VIP,2013-06-10,149,3,16274,12,6,22,5424.6667,739.7273
462,AW00011461,"Victor Jimenez",48,40-49,VIP,2013-07-21,148,3,16178,8,4,23,5392.6667,703.3913
463,AW00011462,"Laura Lin",48,40-49,VIP,2013-07-25,148,3,16232,10,5,24,5410.6667,676.3333
464,AW00011463,"Alisha Beck",48,40-49,New,2013-12-13,143,3,96,8,4,9,32.0000,10.6667
465,AW00011464,"Alejandro Huang",48,40-49,VIP,2013-07-01,148,3,16256,14,7,23,5418.6667,706.7826
466,AW00011465,"Louis Luo",49,40-49,VIP,2013-07-13,148,3,16316,8,4,23,5438.6667,709.3913
467,AW00011466,"Grant Tang",48,40-49,New,2013-08-21,147,3,180,14,7,2,60.0000,90.0000
468,AW00011467,"Arturo Zheng",50,"50 and above",New,2014-01-02,142,3,112,10,4,5,37.3333,22.4000
469,AW00011468,"Jaclyn Andersen",44,40-49,VIP,2013-08-21,147,3,13920,8,4,24,4640.0000,580.0000
470,AW00011469,"Edwin Raji",47,40-49,New,2013-08-09,147,1,50,4,2,0,50.0000,50
471,AW00011470,"Jay Suarez",46,40-49,VIP,2013-02-21,153,2,8688,4,1,12,4344.0000,724.0000
472,AW00011471,"Latasha Suarez",46,40-49,New,2013-05-17,150,1,108,2,1,0,108.0000,108
473,AW00011472,"Kenneth Kumar",57,"50 and above",VIP,2013-10-26,144,3,16330,12,6,27,5443.3333,604.8148
474,AW00011473,"Grace Henderson",39,30-39,New,2013-06-02,149,1,126,4,2,0,126.0000,126
475,AW00011474,"Melvin Xu",40,40-49,New,2013-09-26,145,1,98,6,3,0,98.0000,98
476,AW00011475,"Cesar Subram",41,40-49,New,2013-04-23,151,1,138,8,4,0,138.0000,138
477,AW00011476,"Erika Navarro",45,40-49,New,2013-11-01,144,1,108,2,1,0,108.0000,108
478,AW00011477,"Tristan Hughes",41,40-49,New,2013-09-25,146,1,70,2,1,0,70.0000,70
479,AW00011478,"Billy Hernandez",41,40-49,New,2013-04-19,151,1,108,2,1,0,108.0000,108
480,AW00011479,"Darryl Wu",47,40-49,New,2013-05-24,150,3,9940,18,9,5,3313.3333,1988.0000
481,AW00011480,"Colleen Ma",41,40-49,New,2013-07-25,148,3,9870,14,6,7,3290.0000,1410.0000
482,AW00011481,"Erica Hu",47,40-49,VIP,2013-04-21,151,3,9956,12,6,14,3318.6667,711.1429
483,AW00011482,"Adrienne Torres",47,40-49,VIP,2013-09-10,146,3,16286,10,5,24,5428.6667,678.5833
484,AW00011483,"Calvin Chande",42,40-49,New,2013-07-19,148,3,9932,8,3,6,3310.6667,1655.3333
485,AW00011484,"Erick Sai",42,40-49,VIP,2013-03-30,151,3,9970,12,6,14,3323.3333,712.1429
486,AW00011485,"Donald Chandra",47,40-49,VIP,2013-09-12,146,3,14098,14,7,23,4699.3333,612.9565
487,AW00011486,"Ariana Rogers",43,40-49,New,2013-11-24,144,1,70,2,1,0,70.0000,70
488,AW00011487,"Morgan Jones",48,40-49,New,2013-12-15,143,1,108,2,1,0,108.0000,108
489,AW00011488,"Jermaine Lopez",48,40-49,VIP,2013-08-30,146,3,16180,10,5,22,5393.3333,735.4545
490,AW00011489,"Deborah Goel",49,40-49,VIP,2013-09-28,145,3,16254,14,7,23,5418.0000,706.6957
491,AW00011490,"Danny Rubio",49,40-49,New,2013-04-04,151,1,108,2,1,0,108.0000,108
492,AW00011491,"Andre Perez",43,40-49,VIP,2013-09-07,146,3,16316,14,7,22,5438.6667,741.6364
493,AW00011492,"Terrence Chander",43,40-49,VIP,2013-02-19,153,2,8808,6,3,12,4404.0000,734.0000
494,AW00011493,"Dawn Wu",49,40-49,VIP,2013-09-12,146,3,13918,12,6,21,4639.3333,662.7619
495,AW00011494,"Jimmy Gutierrez",49,40-49,VIP,2013-09-30,145,3,13948,10,5,21,4649.3333,664.1905
496,AW00011495,"Francis Jimenez",48,40-49,New,2013-10-26,144,1,28,4,2,0,28.0000,28
497,AW00011496,"Gary Ortega",49,40-49,VIP,2013-11-05,144,3,14028,14,7,23,4676.0000,609.9130
498,AW00011497,"Katrina Nath",44,40-49,New,2013-11-04,144,1,70,2,1,0,70.0000,70
499,AW00011498,"Arturo Sun",46,40-49,New,2014-01-09,142,16,1120,60,18,10,70.0000,112.0000
500,AW00011499,"Pedro Vance",45,40-49,New,2013-06-29,148,2,384,12,6,2,192.0000,192.0000
501,AW00011500,"Sarah Simmons",45,40-49,New,2014-01-10,142,16,1306,60,23,11,81.6250,118.7273
502,AW00011501,"Brandy Chandra",44,40-49,New,2014-01-22,142,16,1742,66,23,9,108.8750,193.5556
503,AW00011502,"Jared Peterson",45,40-49,New,2014-01-27,141,16,2040,84,25,11,127.5000,185.4545
504,AW00011503,"Dennis Wu",89,"50 and above",New,2013-12-08,143,2,122,6,3,6,61.0000,20.3333
505,AW00011504,"Jordan Baker",89,"50 and above",New,2013-05-03,150,2,88,8,3,0,44.0000,88
506,AW00011505,"Jasmine Powell",53,"50 and above",New,2013-12-24,143,16,1690,72,22,10,105.6250,169.0000
507,AW00011506,"Nicholas Brown",54,"50 and above",New,2014-01-22,142,16,1496,72,24,10,93.5000,149.6000
508,AW00011507,"Isabella Russell",53,"50 and above",New,2014-01-20,142,16,1302,62,20,11,81.3750,118.3636
509,AW00011508,"Elizabeth Wilson",53,"50 and above",New,2013-05-14,150,2,154,8,4,0,77.0000,154
510,AW00011509,"Roger Harui",61,"50 and above",New,2013-07-29,147,1,392,6,3,0,392.0000,392
511,AW00011510,"Seth Roberts",66,"50 and above",New,2013-12-26,142,5,514,32,14,9,102.8000,57.1111
512,AW00011511,"Caleb Perry",61,"50 and above",New,2013-03-13,152,1,70,2,1,0,70.0000,70
513,AW00011512,"Natalie Campbell",49,40-49,New,2013-12-28,142,1,4640,2,1,0,4640.0000,4640
514,AW00011513,"Alyssa Howard",60,"50 and above",New,2013-06-08,149,1,1726,10,5,0,1726.0000,1726
515,AW00011514,"Dalton Diaz",60,"50 and above",New,2013-06-24,149,1,80,4,2,0,80.0000,80
516,AW00011515,"Shannon Huang",66,"50 and above",VIP,2013-04-20,151,2,11860,8,4,19,5930.0000,624.2105
517,AW00011516,"Mya Gonzales",49,40-49,VIP,2013-06-16,149,2,11830,10,5,21,5915.0000,563.3333
518,AW00011517,"Katherine Bryant",65,"50 and above",New,2013-08-23,147,2,202,10,5,1,101.0000,202.0000
519,AW00011518,"Edward Washington",65,"50 and above",New,2013-11-11,144,2,164,12,6,0,82.0000,164
520,AW00011519,"Jerome Navarro",65,"50 and above",New,2014-01-11,142,16,1512,72,20,9,94.5000,168.0000
521,AW00011520,"Jada Morgan",65,"50 and above",New,2014-01-19,142,16,1644,64,24,10,102.7500,164.4000
522,AW00011521,"Ariana Peterson",47,40-49,New,2013-11-07,144,2,88,8,3,8,44.0000,11.0000
523,AW00011522,"Christian Hughes",53,"50 and above",VIP,2013-02-01,153,2,11776,8,4,16,5888.0000,736.0000
524,AW00011523,"Lucas Taylor",63,"50 and above",New,2013-02-15,153,1,4754,6,3,0,4754.0000,4754
525,AW00011524,"Alyssa Jackson",64,"50 and above",New,2013-10-17,145,2,84,6,3,1,42.0000,84.0000
526,AW00011525,"Ariana Cook",64,"50 and above",VIP,2013-02-22,153,2,11870,8,4,17,5935.0000,698.2353
527,AW00011526,"Katherine Diaz",52,"50 and above",New,2013-02-03,153,1,4754,6,3,0,4754.0000,4754
528,AW00011527,"Jenna Green",63,"50 and above",New,2013-11-01,144,2,78,6,2,8,39.0000,9.7500
529,AW00011528,"Joan Washington",57,"50 and above",VIP,2013-02-19,153,2,11918,12,6,17,5959.0000,701.0588
530,AW00011529,"Austin Bryant",62,"50 and above",VIP,2013-02-04,153,2,11888,12,6,16,5944.0000,743.0000
531,AW00011530,"Andrew Martinez",62,"50 and above",New,2013-12-30,142,16,1144,52,18,11,71.5000,104.0000
532,AW00011531,"Nina Yuan",63,"50 and above",VIP,2013-02-08,153,2,11750,6,3,17,5875.0000,691.1765
533,AW00011532,"Lauren Miller",63,"50 and above",New,2013-12-27,142,2,88,8,3,8,44.0000,11.0000
534,AW00011533,"Ebony Gill",57,"50 and above",New,2014-01-10,142,2,74,4,2,7,37.0000,10.5714
535,AW00011534,"Cameron Lewis",61,"50 and above",VIP,2013-02-14,153,2,11838,8,4,16,5919.0000,739.8750
536,AW00011535,"Devin Nelson",61,"50 and above",VIP,2013-03-15,152,2,11838,12,6,18,5919.0000,657.6667
537,AW00011536,"Logan Chow",56,"50 and above",VIP,2013-03-21,152,2,11830,10,5,17,5915.0000,695.8824
538,AW00011537,"Dakota Ross",62,"50 and above",VIP,2013-03-24,152,2,11746,4,2,18,5873.0000,652.5556
539,AW00011538,"Nicole Taylor",60,"50 and above",VIP,2013-03-01,152,2,11790,6,3,17,5895.0000,693.5294
540,AW00011539,"Justin Washington",55,"50 and above",VIP,2013-03-25,152,2,11994,12,6,18,5997.0000,666.3333
541,AW00011540,"Alberto Navarro",55,"50 and above",VIP,2013-03-21,152,2,11916,10,5,18,5958.0000,662.0000
542,AW00011541,"Aidan Ross",61,"50 and above",VIP,2013-04-13,151,2,11946,10,5,19,5973.0000,628.7368
543,AW00011542,"Alejandro Tang",46,40-49,New,2013-05-11,150,1,68,6,3,0,68.0000,68
544,AW00011543,"Sheena Chande",52,"50 and above",New,2013-12-21,143,1,108,2,1,0,108.0000,108
545,AW00011544,"Joel Garcia",46,40-49,New,2013-08-28,146,1,178,4,2,0,178.0000,178
546,AW00011545,"Reginald Dominguez",52,"50 and above",New,2013-07-13,148,1,108,2,1,0,108.0000,108
547,AW00011546,"Christine Chande",52,"50 and above",New,2013-03-12,152,2,8920,10,4,3,4460.0000,2973.3333
548,AW00011547,"Cindy Sai",46,40-49,New,2013-07-28,147,3,9952,10,4,7,3317.3333,1421.7143
549,AW00011548,"Raymond Sanchez",51,"50 and above",VIP,2013-11-11,144,3,14136,18,8,23,4712.0000,614.6087
550,AW00011549,"Crystal Liang",46,40-49,VIP,2013-12-12,143,3,14048,18,8,23,4682.6667,610.7826
551,AW00011550,"Deb Torres",46,40-49,VIP,2013-03-16,152,3,10482,10,5,13,3494.0000,806.3077
552,AW00011551,"Shannon Alvarez",NULL,"50 and above",New,2013-03-01,152,1,108,2,1,0,108.0000,108
553,AW00011552,"Eddie Rubio",53,"50 and above",New,2014-01-06,142,1,70,2,1,0,70.0000,70
554,AW00011553,"Sharon Luo",52,"50 and above",New,2013-08-22,147,1,42,2,1,0,42.0000,42
555,AW00011554,"Sydney Simmons",93,"50 and above",New,2013-05-08,150,1,70,2,1,0,70.0000,70
556,AW00011555,"Alexandria Henderson",88,"50 and above",New,2013-05-08,150,1,70,2,1,0,70.0000,70
557,AW00011556,"Lucas Evans",53,"50 and above",New,2013-12-21,143,1,42,2,1,0,42.0000,42
558,AW00011557,"Felicia Ramos",53,"50 and above",New,2013-08-08,147,1,42,2,1,0,42.0000,42
559,AW00011558,"Ivan Malhotra",52,"50 and above",New,2013-11-30,143,1,42,2,1,0,42.0000,42
560,AW00011559,"Frederick Subram",46,40-49,New,2013-11-29,143,1,70,2,1,0,70.0000,70
561,AW00011560,"Whitney Srini",47,40-49,New,2013-12-03,143,1,108,2,1,0,108.0000,108
562,AW00011561,"Briana Dominguez",53,"50 and above",VIP,2013-03-11,152,2,8688,4,2,12,4344.0000,724.0000
563,AW00011562,"Jarrod Gonzalez",NULL,"50 and above",New,2013-06-26,148,1,170,4,2,0,170.0000,170
564,AW00011563,"Cesar Srini",54,"50 and above",New,2013-07-05,148,1,108,2,1,0,108.0000,108
565,AW00011564,"Jorge Liang",53,"50 and above",VIP,2013-03-18,152,2,8738,4,2,13,4369.0000,672.1538
566,AW00011565,"Erik Diaz",53,"50 and above",New,2013-09-08,146,1,70,2,1,0,70.0000,70
567,AW00011566,"April Shan",52,"50 and above",New,2014-01-07,142,25,2004,116,15,11,80.1600,182.1818
568,AW00011567,"Carla Perez",47,40-49,New,2013-03-15,152,1,108,2,1,0,108.0000,108
569,AW00011568,"Alexia Foster",53,"50 and above",VIP,2013-09-20,146,3,13578,10,5,20,4526.0000,678.9000
570,AW00011569,"Troy Malhotra",48,40-49,New,2013-11-20,144,1,70,2,1,0,70.0000,70
571,AW00011570,"Kristin Andersen",54,"50 and above",New,2013-03-14,152,2,8782,4,2,11,4391.0000,798.3636
572,AW00011571,"Joel Sai",54,"50 and above",New,2013-03-20,152,2,8780,8,4,3,4390.0000,2926.6667
573,AW00011572,"Billy Moreno",48,40-49,New,2013-03-08,152,2,8900,12,6,2,4450.0000,4450.0000
574,AW00011573,"Meagan Subram",49,40-49,New,2013-07-27,147,1,70,2,1,0,70.0000,70
575,AW00011574,"Karla Luo",54,"50 and above",New,2013-03-15,152,1,70,2,1,0,70.0000,70
576,AW00011575,"Jackson Campbell",55,"50 and above",VIP,2013-09-16,146,3,13612,14,7,19,4537.3333,716.4211
577,AW00011576,"Micah Zhu",55,"50 and above",New,2013-03-23,152,2,8972,6,3,3,4486.0000,2990.6667
578,AW00011577,"Janet Serrano",54,"50 and above",New,2013-03-12,152,2,8688,4,1,2,4344.0000,4344.0000
579,AW00011578,"Trisha Huang",55,"50 and above",New,2013-03-12,152,2,8812,8,4,3,4406.0000,2937.3333
580,AW00011579,"Clayton Beck",44,40-49,New,2013-07-31,147,1,88,4,2,0,88.0000,88
581,AW00011580,"Melvin Raje",86,"50 and above",New,2013-04-16,151,1,70,2,1,0,70.0000,70
582,AW00011581,"Cindy Jordan",NULL,"50 and above",New,2013-11-22,144,5,474,22,9,9,94.8000,52.6667
583,AW00011582,"Claudia Ma",51,"50 and above",New,2013-03-23,152,2,8758,6,3,3,4379.0000,2919.3333
584,AW00011583,"Karla Xu",54,"50 and above",New,2013-04-08,151,2,8762,8,4,3,4381.0000,2920.6667
585,AW00011584,"Devin Carter",54,"50 and above",New,2013-09-16,146,1,18,2,1,0,18.0000,18
586,AW00011585,"Kari Perez",49,40-49,New,2014-01-10,142,1,100,2,1,0,100.0000,100
587,AW00011586,"Alberto Romero",54,"50 and above",New,2013-10-28,144,1,18,2,1,0,18.0000,18
588,AW00011587,"Kevin Bryant",50,"50 and above",New,2013-04-09,151,2,9080,10,5,4,4540.0000,2270.0000
589,AW00011588,"Candace Mehta",55,"50 and above",New,2013-05-12,150,2,8738,4,2,5,4369.0000,1747.6000
590,AW00011589,"Ebony Malhotra",50,"50 and above",New,2013-06-04,149,1,30,4,2,0,30.0000,30
591,AW00011590,"Erika Diaz",45,40-49,New,2013-05-23,150,2,8768,8,4,5,4384.0000,1753.6000
592,AW00011591,"Stacey Lu",57,"50 and above",VIP,2013-05-23,150,2,11790,6,3,28,5895.0000,421.0714
593,AW00011592,"Darrell Raji",41,40-49,VIP,2013-05-12,150,2,11750,6,3,28,5875.0000,419.6429
594,AW00011593,"Armando Moreno",43,40-49,VIP,2013-06-19,149,2,11816,6,3,28,5908.0000,422.0000
595,AW00011594,"Corey Goel",40,40-49,New,2013-08-17,147,1,178,4,2,0,178.0000,178
596,AW00011595,"Sebastian Howard",40,40-49,New,2013-12-30,142,1,70,2,1,0,70.0000,70
597,AW00011596,"Roger Raje",56,"50 and above",New,2013-10-01,145,1,100,6,3,0,100.0000,100
598,AW00011597,"Janelle Chandra",42,40-49,New,2014-01-05,142,1,70,2,1,0,70.0000,70
599,AW00011598,"Meredith Ruiz",41,40-49,VIP,2013-03-24,152,2,9096,10,4,12,4548.0000,758.0000
600,AW00011599,"Melody Diaz",42,40-49,VIP,2013-06-12,149,2,11914,12,6,28,5957.0000,425.5000
601,AW00011600,"Linda Rubio",43,40-49,New,2013-05-06,150,1,70,2,1,0,70.0000,70
602,AW00011601,"Ivan Raman",42,40-49,VIP,2013-06-07,149,2,11864,12,6,28,5932.0000,423.7143
603,AW00011602,"Larry Gill",43,40-49,New,2013-07-10,148,1,70,2,1,0,70.0000,70
604,AW00011603,"Geoffrey Gonzalez",43,40-49,VIP,2013-10-08,145,3,13534,10,5,20,4511.3333,676.7000
605,AW00011604,"Edgar Sanchez",42,40-49,VIP,2013-10-16,145,3,13572,14,7,21,4524.0000,646.2857
606,AW00011605,"Heidi Subram",43,40-49,New,2013-02-28,152,2,8688,4,2,11,4344.0000,789.8182
607,AW00011606,"Melody Ramos",39,30-39,VIP,2013-06-28,148,2,11844,10,5,29,5922.0000,408.4138
608,AW00011607,"Clinton Moreno",39,30-39,VIP,2013-06-10,149,2,11826,8,4,28,5913.0000,422.3571
609,AW00011608,"Cesar Madan",44,40-49,New,2013-12-13,143,1,70,2,1,0,70.0000,70
610,AW00011609,"Eugene Ye",43,40-49,VIP,2013-11-23,144,3,13744,18,9,21,4581.3333,654.4762
611,AW00011610,"Blake Collins",45,40-49,VIP,2013-11-01,144,3,13572,12,6,21,4524.0000,646.2857
612,AW00011611,"Ernest Lin",40,40-49,VIP,2013-06-29,148,2,11746,4,2,29,5873.0000,405.0345
613,AW00011612,"Keith Andersen",40,40-49,VIP,2013-11-18,144,3,13590,12,6,21,4530.0000,647.1429
614,AW00011613,"Meredith Prasad",44,40-49,New,2013-04-24,151,2,8762,8,4,11,4381.0000,796.5455
615,AW00011614,"Katrina Sharma",44,40-49,New,2013-04-05,151,2,8876,10,5,10,4438.0000,887.6000
616,AW00011615,"Dwayne Navarro",44,40-49,VIP,2013-04-13,151,3,10410,14,6,13,3470.0000,800.7692
617,AW00011616,"Casey Nath",45,40-49,VIP,2013-04-15,151,3,10506,20,10,14,3502.0000,750.4286
618,AW00011617,"Sean Brooks",61,"50 and above",VIP,2013-04-07,151,2,11870,8,4,18,5935.0000,659.4444
619,AW00011618,"Brian Ramirez",61,"50 and above",New,2013-02-09,153,1,4740,8,4,0,4740.0000,4740
620,AW00011619,"Sierra Young",47,40-49,New,2013-12-02,143,16,1266,58,18,9,79.1250,140.6667
621,AW00011620,"Megan Rodriguez",47,40-49,New,2013-07-27,147,2,88,8,3,5,44.0000,17.6000
622,AW00011621,"Leah She",47,40-49,New,2013-10-30,144,2,246,12,6,2,123.0000,123.0000
623,AW00011622,"Gabriel Allen",46,40-49,New,2013-06-15,149,2,266,10,5,2,133.0000,133.0000
624,AW00011623,"Angela Perry",46,40-49,VIP,2013-04-26,150,2,11896,10,5,19,5948.0000,626.1053
625,AW00011624,"Ryan Smith",41,40-49,VIP,2013-04-24,151,2,11796,4,2,19,5898.0000,620.8421
626,AW00011625,"Zachary Moore",47,40-49,VIP,2013-04-23,151,2,11826,8,4,18,5913.0000,657.0000
627,AW00011626,"Destiny Rogers",46,40-49,VIP,2013-04-07,151,2,11918,8,4,19,5959.0000,627.2632
628,AW00011627,"Dalton Gray",47,40-49,New,2013-11-09,144,2,100,8,4,2,50.0000,50.0000
629,AW00011628,"Mariah Wood",48,40-49,VIP,2013-03-31,151,2,11750,6,3,18,5875.0000,652.7778
630,AW00011629,"Isaiah Wright",49,40-49,VIP,2013-04-18,151,2,11860,8,4,18,5930.0000,658.8889
631,AW00011630,"Haley Powell",48,40-49,VIP,2013-04-27,150,2,11866,6,3,19,5933.0000,624.5263
632,AW00011631,"Antonio Bennett",49,40-49,New,2013-12-25,143,16,1412,66,22,10,88.2500,141.2000
633,AW00011632,"Alexandra Jenkins",43,40-49,New,2014-01-03,142,16,2002,68,23,11,125.1250,182.0000
634,AW00011633,"Thomas Anderson",48,40-49,New,2014-01-14,142,2,154,8,4,2,77.0000,77.0000
635,AW00011634,"Samuel Collins",47,40-49,New,2013-04-26,150,2,78,6,2,1,39.0000,78.0000
636,AW00011635,"Darrell Chande",42,40-49,New,2013-09-21,146,2,84,6,3,7,42.0000,12.0000
637,AW00011636,"Kimberly Cox",47,40-49,New,2014-01-18,142,2,154,8,4,4,77.0000,38.5000
638,AW00011637,"Morgan Hernandez",42,40-49,New,2013-02-15,153,2,78,6,2,0,39.0000,78
639,AW00011638,"Antonio Powell",48,40-49,New,2013-10-19,145,2,154,8,4,0,77.0000,154
640,AW00011639,"Angelica Perry",47,40-49,New,2014-01-08,142,2,254,10,5,1,127.0000,254.0000
641,AW00011640,"Chloe Wilson",50,"50 and above",New,2013-12-29,142,5,816,30,14,9,163.2000,90.6667
642,AW00011641,"James Chen",49,40-49,New,2013-08-18,147,5,604,22,10,6,120.8000,100.6667
643,AW00011642,"Morgan Hughes",49,40-49,New,2014-01-24,142,5,962,30,14,11,192.4000,87.4545
644,AW00011643,"Naomi Munoz",49,40-49,New,2013-07-04,148,2,200,10,5,2,100.0000,100.0000
645,AW00011644,"Charles Torres",50,"50 and above",New,2014-01-05,142,2,84,6,3,7,42.0000,12.0000
646,AW00011645,"Gabriella Turner",50,"50 and above",New,2014-01-03,142,2,306,10,5,1,153.0000,306.0000
647,AW00011646,"Anna Foster",45,40-49,New,2013-07-25,148,2,226,6,3,0,113.0000,226
648,AW00011647,"Randy Wu",50,"50 and above",New,2013-02-15,153,1,4732,10,5,0,4732.0000,4732
649,AW00011648,"Kevin Scott",45,40-49,New,2013-09-02,146,2,178,4,2,0,89.0000,178
650,AW00011649,"Ian White",45,40-49,New,2013-04-23,151,2,182,6,3,0,91.0000,182
651,AW00011650,"Caleb Hayes",50,"50 and above",New,2013-12-17,143,2,258,8,4,10,129.0000,25.8000
652,AW00011651,"Patricia Garcia",42,40-49,New,2013-10-18,145,5,452,16,7,7,90.4000,64.5714
653,AW00011652,"Samuel Russell",43,40-49,New,2013-12-18,143,5,620,28,11,5,124.0000,124.0000
654,AW00011653,"Sydney Peterson",43,40-49,New,2013-10-12,145,2,358,10,5,5,179.0000,71.6000
655,AW00011654,"Ariana Sanchez",48,40-49,VIP,2013-04-24,151,2,11910,8,4,18,5955.0000,661.6667
656,AW00011655,"Tamara Sharma",43,40-49,New,2013-12-02,143,2,100,8,4,2,50.0000,50.0000
657,AW00011656,"Katelyn Perez",48,40-49,New,2014-01-12,142,2,154,8,4,4,77.0000,38.5000
658,AW00011657,"Megan Cox",49,40-49,New,2014-01-28,141,2,358,10,5,8,179.0000,44.7500
659,AW00011658,"Robert Mitchell",40,40-49,New,2013-07-24,148,2,224,10,5,3,112.0000,74.6667
660,AW00011659,"Miguel Adams",51,"50 and above",New,2014-01-06,142,5,468,20,9,7,93.6000,66.8571
661,AW00011660,"Miranda Gonzales",45,40-49,New,2013-08-16,147,5,646,30,11,3,129.2000,215.3333
662,AW00011661,"Jeremiah James",44,40-49,New,2013-12-14,143,5,574,22,10,8,114.8000,71.7500
663,AW00011662,"Ethan Kumar",49,40-49,New,2013-07-06,148,2,200,8,4,2,100.0000,100.0000
664,AW00011663,"Seth Williams",50,"50 and above",VIP,2013-02-15,153,2,11896,10,5,15,5948.0000,793.0667
665,AW00011664,"Alyssa Morgan",50,"50 and above",VIP,2013-02-21,153,2,11896,10,5,15,5948.0000,793.0667
666,AW00011665,"Janet Dominguez",49,40-49,VIP,2013-02-14,153,2,11860,8,4,16,5930.0000,741.2500
667,AW00011666,"Angel Baker",43,40-49,VIP,2013-02-07,153,2,11896,10,5,15,5948.0000,793.0667
668,AW00011667,"Blake Moore",52,"50 and above",New,2013-12-19,143,2,182,6,3,5,91.0000,36.4000
669,AW00011668,"Jada Collins",41,40-49,New,2014-01-04,142,2,258,8,4,0,129.0000,258
670,AW00011669,"Isabella Simmons",47,40-49,New,2013-08-19,147,2,226,12,6,0,113.0000,226
671,AW00011670,"Jacqueline Perry",52,"50 and above",New,2013-09-18,146,2,200,8,4,5,100.0000,40.0000
672,AW00011671,"Jessica Brown",54,"50 and above",VIP,2013-04-08,151,2,11940,8,4,17,5970.0000,702.3529
673,AW00011672,"Chad Jai",53,"50 and above",New,2013-09-18,146,2,226,6,3,1,113.0000,226.0000
674,AW00011673,"Susan Ye",48,40-49,New,2013-03-03,152,2,384,12,6,1,192.0000,384.0000
675,AW00011674,"Morgan Rogers",53,"50 and above",New,2013-08-18,147,2,192,8,4,2,96.0000,96.0000
676,AW00011675,"Devin Martinez",48,40-49,VIP,2013-02-09,153,2,11796,4,2,15,5898.0000,786.4000
677,AW00011676,"Alan Hu",54,"50 and above",New,2013-12-09,143,2,182,6,3,3,91.0000,60.6667
678,AW00011677,"Charles Walker",45,40-49,New,2013-11-30,143,5,594,20,10,7,118.8000,84.8571
679,AW00011678,"Johnny Chavez",51,"50 and above",VIP,2013-02-05,153,2,11800,6,3,15,5900.0000,786.6667
680,AW00011679,"Dalton Richardson",51,"50 and above",New,2013-11-29,143,2,292,8,4,1,146.0000,292.0000
681,AW00011680,"Kaylee Nelson",50,"50 and above",New,2014-01-19,142,2,188,6,3,4,94.0000,47.0000
682,AW00011681,"Abigail Jones",50,"50 and above",New,2013-11-25,144,2,276,10,5,8,138.0000,34.5000
683,AW00011682,"Kaitlyn Hall",45,40-49,New,2013-12-09,143,2,506,8,4,3,253.0000,168.6667
684,AW00011683,"Greg Taylor",51,"50 and above",VIP,2013-02-07,153,2,11794,10,5,16,5897.0000,737.1250
685,AW00011684,"Devin Parker",54,"50 and above",New,2013-12-12,143,2,188,6,3,5,94.0000,37.6000
686,AW00011685,"Jose Griffin",55,"50 and above",New,2013-12-13,143,2,222,10,5,9,111.0000,24.6667
687,AW00011686,"Luke Edwards",49,40-49,New,2013-04-24,151,2,258,8,4,1,129.0000,258.0000
688,AW00011687,"Cody Torres",49,40-49,New,2013-06-21,149,2,196,6,3,2,98.0000,98.0000
689,AW00011688,"Victoria Morris",48,40-49,VIP,2013-02-14,153,2,11934,10,5,16,5967.0000,745.8750
690,AW00011689,"Ian Diaz",54,"50 and above",New,2013-09-02,146,2,178,4,2,0,89.0000,178
691,AW00011690,"Caroline Butler",49,40-49,VIP,2013-04-26,150,2,11808,8,4,18,5904.0000,656.0000
692,AW00011691,"Kaitlyn Wilson",50,"50 and above",New,2013-05-19,150,2,240,8,4,3,120.0000,80.0000
693,AW00011692,"Caleb Gonzales",55,"50 and above",New,2014-01-18,142,2,188,6,3,6,94.0000,31.3333
694,AW00011693,"Hailey Diaz",50,"50 and above",New,2013-01-28,153,1,4590,2,1,0,4590.0000,4590
695,AW00011694,"Jonathon Ortega",56,"50 and above",New,2013-09-28,145,2,258,8,4,5,129.0000,51.6000
696,AW00011695,"Logan Campbell",56,"50 and above",New,2013-08-19,147,2,258,8,4,4,129.0000,64.5000
697,AW00011696,"Mackenzie Campbell",50,"50 and above",VIP,2013-04-29,150,2,11746,4,2,18,5873.0000,652.5556
698,AW00011697,"Eduardo Lee",50,"50 and above",New,2013-10-04,145,2,306,10,5,1,153.0000,306.0000
699,AW00011698,"Jackson Wright",50,"50 and above",New,2014-01-14,142,5,510,14,7,9,102.0000,56.6667
700,AW00011699,"Chase Peterson",57,"50 and above",New,2013-08-09,147,2,244,10,5,2,122.0000,122.0000
701,AW00011700,"Xavier Richardson",56,"50 and above",New,2013-06-09,149,2,276,10,5,4,138.0000,69.0000
702,AW00011701,"David Hayes",40,40-49,New,2013-05-04,150,2,258,8,4,0,129.0000,258
703,AW00011702,"Jenny Zhou",51,"50 and above",New,2013-11-14,144,2,192,8,4,5,96.0000,38.4000
704,AW00011703,"Kaylee Baker",51,"50 and above",New,2013-11-16,144,2,200,8,4,9,100.0000,22.2222
705,AW00011704,"Evan Hernandez",51,"50 and above",New,2013-07-17,148,2,188,6,3,0,94.0000,188
706,AW00011705,"Brooke Richardson",46,40-49,VIP,2013-05-27,149,2,11880,10,5,18,5940.0000,660.0000
707,AW00011706,"Blake Perez",57,"50 and above",New,2013-10-04,145,2,178,4,2,6,89.0000,29.6667
708,AW00011707,"Natalie Cook",56,"50 and above",VIP,2013-05-24,150,2,12050,10,5,19,6025.0000,634.2105
709,AW00011708,"Elizabeth Weisman",51,"50 and above",VIP,2013-05-28,149,2,11816,8,4,19,5908.0000,621.8947
710,AW00011709,"Hailey Collins",57,"50 and above",New,2013-10-14,145,5,650,24,9,7,130.0000,92.8571
711,AW00011710,"Zoe Ramirez",58,"50 and above",New,2013-12-12,143,2,196,6,3,0,98.0000,196
712,AW00011711,"Daniel Davis",51,"50 and above",New,2014-01-26,141,27,2208,110,27,11,81.7778,200.7273
713,AW00011712,"Shelby Rogers",57,"50 and above",New,2013-10-29,144,5,256,16,8,8,51.2000,32.0000
714,AW00011713,"Kyle Zhang",58,"50 and above",New,2013-11-21,144,2,384,12,6,4,192.0000,96.0000
715,AW00011714,"Alexandria Long",57,"50 and above",New,2013-05-14,150,2,188,6,3,2,94.0000,94.0000
716,AW00011715,"Chloe Robinson",57,"50 and above",New,2013-12-30,142,2,288,8,4,0,144.0000,288
717,AW00011716,"Evan Kelly",58,"50 and above",New,2014-01-13,142,2,192,8,4,7,96.0000,27.4286
718,AW00011717,"Marcus Jones",53,"50 and above",New,2013-12-28,142,2,386,10,5,7,193.0000,55.1429
719,AW00011718,"Sarah Jones",53,"50 and above",New,2013-03-21,152,2,200,8,4,0,100.0000,200
720,AW00011719,"Blake Green",54,"50 and above",New,2013-09-20,146,5,572,22,10,4,114.4000,143.0000
721,AW00011720,"Morgan Morris",60,"50 and above",New,2013-07-24,148,2,236,12,6,2,118.0000,118.0000
722,AW00011721,"Jennifer Alexander",54,"50 and above",New,2013-10-17,145,2,210,10,5,4,105.0000,52.5000
723,AW00011722,"Julian Hughes",59,"50 and above",New,2013-11-09,144,2,306,10,5,3,153.0000,102.0000
724,AW00011723,"Luke Coleman",52,"50 and above",New,2014-01-03,142,5,386,18,8,11,77.2000,35.0909
725,AW00011724,"Jason Carter",53,"50 and above",New,2013-12-14,143,5,420,26,11,10,84.0000,42.0000
726,AW00011725,"Jose Li",52,"50 and above",New,2013-05-02,150,2,248,10,5,1,124.0000,248.0000
727,AW00011726,"Micah Liang",52,"50 and above",New,2013-12-07,143,2,448,14,7,1,224.0000,448.0000
728,AW00011727,"Benjamin Taylor",52,"50 and above",VIP,2013-05-04,150,2,11924,8,4,18,5962.0000,662.4444
729,AW00011728,"Logan White",60,"50 and above",New,2013-11-06,144,2,220,8,4,4,110.0000,55.0000
730,AW00011729,"Caleb Campbell",54,"50 and above",New,2014-01-11,142,2,320,10,5,5,160.0000,64.0000
731,AW00011730,"Emma Torres",59,"50 and above",New,2014-01-08,142,2,268,10,4,7,134.0000,38.2857
732,AW00011731,"Tanya Gill",59,"50 and above",New,2013-08-04,147,2,242,10,5,4,121.0000,60.5000
733,AW00011732,"Erick Sanchez",55,"50 and above",New,2013-08-15,147,2,348,10,5,2,174.0000,174.0000
734,AW00011733,"Kristi Schmidt",55,"50 and above",New,2014-01-07,142,2,390,8,4,0,195.0000,390
735,AW00011734,"Omar Chen",55,"50 and above",New,2013-07-07,148,2,272,8,4,0,136.0000,272
736,AW00011735,"Sydney Gray",61,"50 and above",New,2013-12-22,143,2,220,8,4,9,110.0000,24.4444
737,AW00011736,"Sebastian Sanchez",55,"50 and above",New,2013-12-04,143,2,332,10,5,1,166.0000,332.0000
738,AW00011737,"Megan Martin",55,"50 and above",New,2013-07-17,148,2,154,8,4,5,77.0000,30.8000
739,AW00011738,"Elijah Alexander",55,"50 and above",New,2013-12-27,142,5,660,26,12,10,132.0000,66.0000
740,AW00011739,"Aaron King",61,"50 and above",New,2013-04-16,151,2,9516,12,6,3,4758.0000,3172.0000
741,AW00011740,"Jan Hall",61,"50 and above",New,2014-01-18,142,5,768,28,12,10,153.6000,76.8000
742,AW00011741,"Tamara Chander",60,"50 and above",VIP,2013-02-20,153,2,12158,8,4,16,6079.0000,759.8750
743,AW00011742,"Edward Lewis",61,"50 and above",VIP,2013-05-22,150,2,11830,10,5,19,5915.0000,622.6316
744,AW00011743,"Chase Kelly",51,"50 and above",VIP,2013-05-16,150,2,11796,4,2,18,5898.0000,655.3333
745,AW00011744,"Stephanie Campbell",61,"50 and above",New,2013-08-27,146,2,144,6,3,4,72.0000,36.0000
746,AW00011745,"Allison Gonzalez",61,"50 and above",VIP,2013-05-04,150,2,11896,10,5,18,5948.0000,660.8889
747,AW00011746,"Seth Brooks",61,"50 and above",New,2013-11-09,144,2,154,8,4,9,77.0000,17.1111
748,AW00011747,"Destiny Davis",62,"50 and above",New,2013-10-13,145,2,232,8,4,2,116.0000,116.0000
749,AW00011748,"Blake Hill",61,"50 and above",New,2013-11-01,144,5,264,16,7,4,52.8000,66.0000
750,AW00011749,"Eduardo Jackson",45,40-49,New,2013-12-31,142,3,96,8,4,8,32.0000,12.0000
751,AW00011750,"Latoya She",41,40-49,VIP,2013-10-01,145,3,16296,12,6,26,5432.0000,626.7692
752,AW00011751,"Victoria Gonzales",49,40-49,VIP,2013-07-17,148,3,16430,12,6,24,5476.6667,684.5833
753,AW00011752,"Lauren Bryant",44,40-49,New,2013-12-06,143,3,276,16,8,9,92.0000,30.6667
754,AW00011753,"Felicia Ortega",50,"50 and above",New,2013-10-15,145,3,96,8,4,5,32.0000,19.2000
755,AW00011754,"Janet Ortega",49,40-49,VIP,2013-07-30,147,3,16326,10,5,24,5442.0000,680.2500
756,AW00011755,"Willie Pal",52,"50 and above",New,2013-08-17,147,3,92,10,4,2,30.6667,46.0000
757,AW00011756,"Linda Ortega",51,"50 and above",VIP,2013-10-25,145,3,16156,12,6,26,5385.3333,621.3846
758,AW00011757,"Vincent Cai",46,40-49,New,2013-11-27,143,3,114,10,4,9,38.0000,12.6667
759,AW00011758,"Colin Yuan",45,40-49,New,2013-11-24,144,3,114,10,4,7,38.0000,16.2857
760,AW00011759,"Dawn Nath",45,40-49,VIP,2013-07-09,148,3,16108,6,3,23,5369.3333,700.3478
761,AW00011760,"Melody Moreno",52,"50 and above",New,2013-11-19,144,3,550,18,9,7,183.3333,78.5714
762,AW00011761,"Edgar Mehta",53,"50 and above",VIP,2013-07-29,147,3,16298,16,8,23,5432.6667,708.6087
763,AW00011762,"Randall Gomez",41,40-49,VIP,2013-07-06,148,3,16456,14,7,22,5485.3333,748.0000
764,AW00011763,"Ross Fernandez",53,"50 and above",New,2013-11-12,144,3,152,14,6,9,50.6667,16.8889
765,AW00011764,"Jessie Ramos",52,"50 and above",VIP,2013-07-07,148,3,16258,12,6,21,5419.3333,774.1905
766,AW00011765,"Marc Torres",42,40-49,VIP,2013-07-26,147,3,16286,10,5,22,5428.6667,740.2727
767,AW00011766,"Candace Raman",53,"50 and above",VIP,2013-07-10,148,3,16560,22,11,21,5520.0000,788.5714
768,AW00011767,"Meagan Madan",48,40-49,VIP,2013-07-12,148,3,16638,14,7,21,5546.0000,792.2857
769,AW00011768,"Clayton Nara",42,40-49,VIP,2013-07-14,148,3,16278,8,4,22,5426.0000,739.9091
770,AW00011769,"Haley Hernandez",46,40-49,New,2013-09-18,146,5,956,34,14,4,191.2000,239.0000
771,AW00011770,"Peter Nara",46,40-49,New,2013-10-21,145,2,154,8,4,2,77.0000,77.0000
772,AW00011771,"Isaac Rivera",46,40-49,New,2013-07-24,148,2,188,6,3,3,94.0000,62.6667
773,AW00011772,"Cameron Moore",41,40-49,VIP,2013-05-15,150,2,11826,8,4,19,5913.0000,622.4211
774,AW00011773,"Gavin Diaz",46,40-49,VIP,2013-04-30,150,2,11968,8,4,18,5984.0000,664.8889
775,AW00011774,"Emma Sanchez",47,40-49,VIP,2013-06-13,149,2,11800,6,3,19,5900.0000,621.0526
776,AW00011775,"Sierra Roberts",NULL,"50 and above",VIP,2013-06-03,149,2,11826,8,4,20,5913.0000,591.3000
777,AW00011776,"Seth Mitchell",46,40-49,VIP,2013-06-03,149,2,12158,8,4,19,6079.0000,639.8947
778,AW00011777,"Miranda Long",47,40-49,VIP,2013-06-22,149,2,11830,10,5,20,5915.0000,591.5000
779,AW00011778,"Haley Henderson",49,40-49,VIP,2013-06-29,148,2,11746,4,2,20,5873.0000,587.3000
780,AW00011779,"Sarah Jackson",48,40-49,VIP,2013-06-23,149,2,11746,4,2,20,5873.0000,587.3000
781,AW00011780,"Jessica Alexander",48,40-49,VIP,2013-06-18,149,2,11946,10,5,20,5973.0000,597.3000
782,AW00011781,"Carlos Gray",49,40-49,New,2013-12-09,143,2,268,10,5,9,134.0000,29.7778
783,AW00011782,"Barbara Jai",43,40-49,New,2013-09-16,146,2,302,12,6,1,151.0000,302.0000
784,AW00011783,"Sara Mitchell",43,40-49,New,2013-05-11,150,2,220,8,3,1,110.0000,220.0000
785,AW00011784,"Jose Turner",47,40-49,New,2013-12-17,143,5,544,24,9,8,108.8000,68.0000
786,AW00011785,"Theodore Diaz",42,40-49,New,2013-08-31,146,2,150,6,3,4,75.0000,37.5000
787,AW00011786,"Ian Murphy",47,40-49,New,2014-01-23,142,2,254,8,3,0,127.0000,254
788,AW00011787,"Jerry Nath",47,40-49,New,2013-11-05,144,2,220,8,3,0,110.0000,220
789,AW00011788,"Destiny James",48,40-49,New,2013-08-20,147,2,510,10,5,3,255.0000,170.0000
790,AW00011789,"Bailey Phillips",44,40-49,New,2013-04-28,150,2,144,6,3,1,72.0000,144.0000
791,AW00011790,"Timothy Gonzalez",44,40-49,New,2013-05-22,150,2,294,10,5,2,147.0000,147.0000
792,AW00011791,"Chase Morgan",50,"50 and above",New,2013-12-01,143,2,240,6,3,2,120.0000,120.0000
793,AW00011792,"Alexia Perry",51,"50 and above",New,2013-06-30,148,2,240,6,3,1,120.0000,240.0000
794,AW00011793,"Xavier Rogers",45,40-49,New,2013-02-10,153,2,204,8,4,0,102.0000,204
795,AW00011794,"Lauren Ross",50,"50 and above",New,2014-01-28,141,2,154,8,4,2,77.0000,77.0000
796,AW00011795,"Nicole Thomas",51,"50 and above",New,2013-11-25,144,2,150,6,3,4,75.0000,37.5000
797,AW00011796,"Isabel Jenkins",40,40-49,VIP,2013-05-30,149,2,11990,14,7,19,5995.0000,631.0526
798,AW00011797,"Devin Coleman",45,40-49,VIP,2013-06-29,148,2,11944,12,6,20,5972.0000,597.2000
799,AW00011798,"Brendan Chande",51,"50 and above",VIP,2013-06-11,149,2,11906,6,3,19,5953.0000,626.6316
800,AW00011799,"Jessie Wang",45,40-49,VIP,2013-06-09,149,2,11842,10,5,19,5921.0000,623.2632
801,AW00011800,"Jennifer Baker",50,"50 and above",New,2013-08-13,147,2,154,8,4,0,77.0000,154
802,AW00011801,"Aaron Sharma",50,"50 and above",New,2013-12-31,142,2,174,6,3,0,87.0000,174
803,AW00011802,"Madison Taylor",48,40-49,New,2013-12-01,143,5,428,24,10,9,85.6000,47.5556
804,AW00011803,"Jan Hernandez",48,40-49,New,2013-11-23,144,2,460,12,6,3,230.0000,153.3333
805,AW00011804,"Haley Turner",49,40-49,New,2013-08-12,147,2,268,10,5,2,134.0000,134.0000
806,AW00011805,"Richard Green",49,40-49,New,2013-11-05,144,2,258,8,4,6,129.0000,43.0000
807,AW00011806,"Jennifer Stewart",43,40-49,New,2013-10-03,145,2,192,8,4,7,96.0000,27.4286
808,AW00011807,"Lucas Baker",48,40-49,New,2013-09-12,146,2,306,10,5,4,153.0000,76.5000
809,AW00011808,"James Parker",51,"50 and above",New,2013-10-25,145,5,1218,28,12,6,243.6000,203.0000
810,AW00011809,"Juan Gray",52,"50 and above",VIP,2013-06-10,149,2,11858,8,4,19,5929.0000,624.1053
811,AW00011810,"Antonio Washington",47,40-49,VIP,2013-06-24,149,2,11946,10,5,20,5973.0000,597.3000
812,AW00011811,"Abigail Brooks",47,40-49,VIP,2013-06-17,149,2,11796,4,2,20,5898.0000,589.8000
813,AW00011812,"Andrew Rodriguez",52,"50 and above",VIP,2013-06-18,149,2,11800,6,3,20,5900.0000,590.0000
814,AW00011813,"Mary Patterson",52,"50 and above",VIP,2013-06-28,148,2,11906,6,3,20,5953.0000,595.3000
815,AW00011814,"Dalton Morgan",49,40-49,New,2013-09-08,146,2,202,10,5,2,101.0000,101.0000
816,AW00011815,"Hannah Patterson",44,40-49,VIP,2013-02-24,153,2,11896,10,5,16,5948.0000,743.5000
817,AW00011816,"Joe Torres",44,40-49,VIP,2013-02-20,153,2,11866,6,3,16,5933.0000,741.6250
818,AW00011817,"Morgan Miller",44,40-49,VIP,2013-02-12,153,2,11796,4,2,15,5898.0000,786.4000
819,AW00011818,"Daniel Garcia",50,"50 and above",VIP,2013-01-30,153,2,11908,10,5,15,5954.0000,793.8667
820,AW00011819,"Jose Lal",52,"50 and above",New,2014-01-16,142,2,192,8,4,11,96.0000,17.4545
821,AW00011820,"Katelyn Lopez",48,40-49,New,2013-12-06,143,5,464,20,9,9,92.8000,51.5556
822,AW00011821,"Austin Johnson",54,"50 and above",New,2013-09-03,146,2,302,14,7,1,151.0000,302.0000
823,AW00011822,"Rohinton Wadia",53,"50 and above",New,2013-08-26,146,2,174,6,3,3,87.0000,58.0000
824,AW00011823,"Morgan Turner",48,40-49,New,2014-01-23,142,5,526,32,11,8,105.2000,65.7500
825,AW00011824,"Jill Martin",48,40-49,New,2014-01-09,142,5,480,22,10,9,96.0000,53.3333
826,AW00011825,"Aimee She",54,"50 and above",VIP,2013-02-12,153,2,11800,6,3,15,5900.0000,786.6667
827,AW00011826,"Jessie Alonso",54,"50 and above",VIP,2013-02-15,153,2,11796,4,2,15,5898.0000,786.4000
828,AW00011827,"Sara Baker",45,40-49,New,2013-12-09,143,5,1022,30,12,9,204.4000,113.5556
829,AW00011828,"Katherine Martinez",45,40-49,New,2013-04-19,151,2,188,6,3,0,94.0000,188
830,AW00011829,"Sophia Campbell",50,"50 and above",New,2013-06-21,149,2,262,12,6,3,131.0000,87.3333
831,AW00011830,"Taylor Garcia",51,"50 and above",VIP,2013-01-30,153,2,11860,8,4,16,5930.0000,741.2500
832,AW00011831,"Christian Ross",50,"50 and above",VIP,2013-02-10,153,2,11866,6,3,15,5933.0000,791.0667
833,AW00011832,"Zoe Murphy",49,40-49,New,2013-09-09,146,2,250,8,4,6,125.0000,41.6667
834,AW00011833,"Oscar Price",43,40-49,New,2013-11-28,143,5,480,22,11,5,96.0000,96.0000
835,AW00011834,"Fernando Flores",43,40-49,VIP,2013-02-13,153,2,11816,6,3,15,5908.0000,787.7333
836,AW00011835,"Elijah Russell",54,"50 and above",New,2013-05-18,150,2,9544,14,7,4,4772.0000,2386.0000
837,AW00011836,"Garrett Travers",55,"50 and above",New,2013-04-22,151,2,140,4,2,0,70.0000,140
838,AW00011837,"Haley Alexander",49,40-49,VIP,2013-02-20,153,2,11846,10,5,16,5923.0000,740.3750
839,AW00011838,"Justin Rodriguez",55,"50 and above",New,2013-08-28,146,2,270,12,6,2,135.0000,135.0000
840,AW00011839,"Tyler Brown",49,40-49,VIP,2013-06-12,149,2,11910,8,4,19,5955.0000,626.8421
841,AW00011840,"Julian Patterson",49,40-49,New,2013-05-04,150,2,174,6,3,0,87.0000,174
842,AW00011841,"Sean Nelson",56,"50 and above",New,2013-11-06,144,5,614,26,10,5,122.8000,122.8000
843,AW00011842,"Justin Wilson",55,"50 and above",New,2013-12-04,143,2,198,8,4,6,99.0000,33.0000
844,AW00011843,"Christy Nara",50,"50 and above",New,2013-03-08,152,2,232,10,5,1,116.0000,232.0000
845,AW00011844,"Michele Alvarez",56,"50 and above",New,2014-01-11,142,2,250,8,4,3,125.0000,83.3333
846,AW00011845,"Natalie Jones",95,"50 and above",New,2013-12-09,143,4,394,22,8,9,98.5000,43.7778
847,AW00011846,"Savannah Reed",55,"50 and above",New,2013-07-10,148,2,170,4,2,2,85.0000,85.0000
848,AW00011847,"Cassidy Diaz",55,"50 and above",New,2013-11-15,144,2,250,8,4,4,125.0000,62.5000
849,AW00011848,"Joshua Lewis",50,"50 and above",New,2013-12-06,143,2,184,8,4,4,92.0000,46.0000
850,AW00011849,"Faith Reed",55,"50 and above",New,2014-01-11,142,2,516,10,5,1,258.0000,516.0000
851,AW00011850,"Brooke Ramirez",45,40-49,New,2013-06-03,149,2,298,10,5,1,149.0000,298.0000
852,AW00011851,"Jada Mitchell",56,"50 and above",New,2013-12-05,143,2,170,4,2,5,85.0000,34.0000
853,AW00011852,"Kyle Russell",56,"50 and above",New,2013-09-02,146,2,250,8,4,1,125.0000,250.0000
854,AW00011853,"Grace Jones",46,40-49,New,2013-06-20,149,2,180,6,3,1,90.0000,180.0000
855,AW00011854,"Jason Mitchell",52,"50 and above",VIP,2013-06-15,149,2,11970,16,8,19,5985.0000,630.0000
856,AW00011855,"Christian Walker",51,"50 and above",New,2013-09-11,146,2,180,6,3,4,90.0000,45.0000
857,AW00011856,"Seth Hernandez",56,"50 and above",New,2013-12-31,142,2,268,10,5,1,134.0000,268.0000
858,AW00011857,"Isabella Young",51,"50 and above",New,2013-12-05,143,2,250,8,4,1,125.0000,250.0000
859,AW00011858,"Jordan Coleman",57,"50 and above",New,2013-07-12,148,2,170,4,2,3,85.0000,56.6667
860,AW00011859,"Blake Garcia",57,"50 and above",New,2013-12-01,143,2,144,6,3,7,72.0000,20.5714
861,AW00011860,"Nicole Walker",58,"50 and above",New,2013-11-12,144,2,140,4,2,4,70.0000,35.0000
862,AW00011861,"Katherine Carter",58,"50 and above",New,2013-12-22,143,5,574,26,11,7,114.8000,82.0000
863,AW00011862,"Olivia Peterson",53,"50 and above",New,2013-10-23,145,2,418,10,5,5,209.0000,83.6000
864,AW00011863,"Jessica Wood",58,"50 and above",New,2013-09-04,146,2,96,6,3,0,48.0000,96
865,AW00011864,"Elizabeth Thompson",58,"50 and above",New,2013-06-06,149,2,96,6,3,3,48.0000,32.0000
866,AW00011865,"Chloe Rivera",59,"50 and above",New,2013-10-06,145,2,230,8,4,7,115.0000,32.8571
867,AW00011866,"Lucas Scott",58,"50 and above",New,2013-04-27,150,2,86,4,2,2,43.0000,43.0000
868,AW00011867,"Nathaniel James",54,"50 and above",New,2013-10-23,145,2,166,8,4,4,83.0000,41.5000
869,AW00011868,"Jessica Peterson",52,"50 and above",New,2013-12-17,143,5,496,22,10,10,99.2000,49.6000
870,AW00011869,"Kaitlyn Adams",41,40-49,New,2014-01-16,142,5,536,28,12,9,107.2000,59.5556
871,AW00011870,"Jillian Garcia",47,40-49,New,2014-01-17,142,2,484,10,5,5,242.0000,96.8000
872,AW00011871,"Dalton Bennett",47,40-49,New,2013-05-29,149,2,140,4,2,3,70.0000,46.6667
873,AW00011872,"Faith Patterson",47,40-49,VIP,2013-06-25,149,2,11896,10,5,20,5948.0000,594.8000
874,AW00011873,"Ryan Zhang",53,"50 and above",VIP,2013-06-06,149,2,11846,10,5,19,5923.0000,623.4737
875,AW00011874,"Adrian Bell",47,40-49,New,2014-01-18,142,2,144,10,5,5,72.0000,28.8000
876,AW00011875,"Jonathan Brown",59,"50 and above",New,2014-01-27,141,5,584,22,10,9,116.8000,64.8889
877,AW00011876,"Madison White",59,"50 and above",New,2013-09-24,146,2,166,8,4,3,83.0000,55.3333
878,AW00011877,"Alexis Diaz",59,"50 and above",New,2013-12-28,142,2,86,4,2,2,43.0000,43.0000
879,AW00011878,"Christine Nara",54,"50 and above",New,2013-12-12,143,2,166,8,4,0,83.0000,166
880,AW00011879,"Edgar Sai",54,"50 and above",New,2013-11-02,144,2,214,10,5,8,107.0000,26.7500
881,AW00011880,"Melissa Sanchez",60,"50 and above",New,2013-11-03,144,2,100,8,4,6,50.0000,16.6667
882,AW00011881,"Richard Mitchell",60,"50 and above",New,2013-12-17,143,2,298,14,7,0,149.0000,298
883,AW00011882,"Patrick Stewart",50,"50 and above",New,2013-07-12,148,2,96,6,3,4,48.0000,24.0000
884,AW00011883,"Hannah Anderson",60,"50 and above",New,2013-11-14,144,2,154,8,4,8,77.0000,19.2500
885,AW00011884,"Latoya Shen",55,"50 and above",New,2013-12-29,142,2,220,8,3,10,110.0000,22.0000
886,AW00011885,"Kurt Sharma",55,"50 and above",VIP,2013-02-04,153,2,11800,6,3,15,5900.0000,786.6667
887,AW00011886,"Katelyn Parker",62,"50 and above",VIP,2013-06-17,149,2,11794,8,4,19,5897.0000,620.7368
888,AW00011887,"Joseph White",62,"50 and above",New,2013-06-27,148,2,166,8,4,0,83.0000,166
889,AW00011888,"Aaron Ross",55,"50 and above",New,2013-03-18,152,1,4754,6,3,0,4754.0000,4754
890,AW00011889,"Blake Patterson",62,"50 and above",New,2013-03-04,152,2,100,8,4,0,50.0000,100
891,AW00011890,"Whitney Lopez",61,"50 and above",New,2013-07-05,148,2,260,12,6,3,130.0000,86.6667
892,AW00011891,"Jamie Liang",56,"50 and above",New,2013-06-30,148,2,220,8,4,3,110.0000,73.3333
893,AW00011892,"Julio Ortega",50,"50 and above",VIP,2013-07-22,148,3,16238,10,5,22,5412.6667,738.0909
894,AW00011893,"Orlando Carlson",51,"50 and above",VIP,2013-07-23,148,3,16246,10,5,22,5415.3333,738.4545
895,AW00011894,"Ann Gonzalez",45,40-49,VIP,2013-07-06,148,3,16446,18,9,21,5482.0000,783.1429
896,AW00011895,"Dustin Chander",50,"50 and above",VIP,2013-07-25,148,3,16298,10,5,22,5432.6667,740.8182
897,AW00011896,"Frank Carlson",50,"50 and above",VIP,2013-07-11,148,3,16236,12,6,22,5412.0000,738.0000
898,AW00011897,"Orlando Ashe",51,"50 and above",VIP,2013-10-14,145,3,16406,12,5,25,5468.6667,656.2400
899,AW00011898,"Angela Henderson",49,40-49,VIP,2013-07-23,148,3,16358,12,6,22,5452.6667,743.5455
900,AW00011899,"Brenda Perez",49,40-49,VIP,2013-07-08,148,3,16378,14,7,22,5459.3333,744.4545
901,AW00011900,"Byron Carlson",44,40-49,VIP,2013-07-11,148,3,16514,14,7,21,5504.6667,786.3810
902,AW00011901,"Stacy Alvarez",52,"50 and above",VIP,2013-11-09,144,3,16496,14,6,25,5498.6667,659.8400
903,AW00011902,"Drew Pal",53,"50 and above",New,2013-12-29,142,3,124,12,5,10,41.3333,12.4000
904,AW00011903,"Kate Raji",40,40-49,VIP,2013-07-13,148,3,16216,8,4,21,5405.3333,772.1905
905,AW00011904,"Kaylee Cook",39,30-39,VIP,2013-07-01,148,3,16428,14,7,21,5476.0000,782.2857
906,AW00011905,"Isaiah Ramirez",50,"50 and above",VIP,2013-07-06,148,3,16312,14,7,22,5437.3333,741.4545
907,AW00011906,"Gabriella Sanders",53,"50 and above",VIP,2013-07-12,148,3,16302,14,7,22,5434.0000,741.0000
908,AW00011907,"Sarah Garcia",52,"50 and above",VIP,2013-07-20,148,3,16270,10,5,21,5423.3333,774.7619
909,AW00011908,"Rafael Tang",53,"50 and above",VIP,2013-08-23,147,3,16158,6,3,23,5386.0000,702.5217
910,AW00011909,"Nichole She",54,"50 and above",VIP,2013-08-01,147,3,16210,14,7,22,5403.3333,736.8182
911,AW00011910,"Jaclyn Zheng",53,"50 and above",VIP,2013-08-03,147,3,16226,10,5,21,5408.6667,772.6667
912,AW00011911,"Rachael Kapoor",53,"50 and above",New,2013-12-21,143,3,124,8,4,6,41.3333,20.6667
913,AW00011912,"Rachael Sai",NULL,"50 and above",VIP,2013-11-22,144,3,16190,12,6,24,5396.6667,674.5833
914,AW00011913,"Rebecca Robinson",54,"50 and above",New,2013-12-26,142,3,82,8,4,0,27.3333,82
915,AW00011914,"Meagan Rana",46,40-49,VIP,2013-08-23,147,3,16332,16,8,22,5444.0000,742.3636
916,AW00011915,"Philip Carlson",NULL,"50 and above",VIP,2013-08-24,147,3,16286,16,7,22,5428.6667,740.2727
917,AW00011916,"Joe Rana",49,40-49,VIP,2013-08-21,147,3,16358,14,7,22,5452.6667,743.5455
918,AW00011917,"Roy Sanz",54,"50 and above",VIP,2013-08-19,147,3,16242,12,6,21,5414.0000,773.4286
919,AW00011918,"Kaylee Hill",56,"50 and above",VIP,2013-11-25,144,3,16410,16,8,25,5470.0000,656.4000
920,AW00011919,"Warren Andersen",56,"50 and above",VIP,2013-12-21,143,3,16344,16,8,26,5448.0000,628.6154
921,AW00011920,"Adrienne Gomez",50,"50 and above",VIP,2013-12-11,143,3,16312,14,7,26,5437.3333,627.3846
922,AW00011921,"Gilbert Zhu",55,"50 and above",New,2013-11-23,144,3,126,10,5,2,42.0000,63.0000
923,AW00011922,"James Davis",40,40-49,New,2013-10-23,145,5,552,24,10,8,110.4000,69.0000
924,AW00011923,"Sarah Bryant",40,40-49,New,2014-01-09,142,2,86,4,2,10,43.0000,8.6000
925,AW00011924,"Ian Long",40,40-49,VIP,2013-06-19,149,2,11794,10,5,19,5897.0000,620.7368
926,AW00011925,"Ashlee Jai",41,40-49,VIP,2013-06-19,149,2,11936,10,5,20,5968.0000,596.8000
927,AW00011926,"Eduardo Foster",42,40-49,New,2013-06-18,149,2,96,6,3,1,48.0000,96.0000
928,AW00011927,"Nicole Murphy",41,40-49,New,2014-01-28,141,2,104,6,3,0,52.0000,104
929,AW00011928,"Isabella Morris",41,40-49,New,2013-12-13,143,2,96,6,3,6,48.0000,16.0000
930,AW00011929,"Virginia Gonzalez",63,"50 and above",VIP,2013-12-17,143,3,9930,16,7,26,3310.0000,381.9231
931,AW00011930,"Jaclyn Nara",73,"50 and above",VIP,2013-12-16,143,3,10070,10,5,26,3356.6667,387.3077
932,AW00011931,"Marcus Adams",41,40-49,New,2013-11-03,144,2,468,14,7,8,234.0000,58.5000
933,AW00011932,"Elizabeth Coleman",41,40-49,New,2013-07-25,148,2,272,12,6,2,136.0000,136.0000
934,AW00011933,"Mathew Rubio",43,40-49,VIP,2013-06-27,148,2,11866,6,3,20,5933.0000,593.3000
935,AW00011934,"Justin Shan",42,40-49,VIP,2013-06-10,149,2,11988,10,5,18,5994.0000,666.0000
936,AW00011935,"Jessica Taylor",42,40-49,New,2013-06-06,149,1,70,2,1,0,70.0000,70
937,AW00011936,"Hunter Clark",43,40-49,New,2013-04-05,151,1,84,6,3,0,84.0000,84
938,AW00011937,"Devin Perez",42,40-49,VIP,2013-07-02,148,2,11776,8,4,20,5888.0000,588.8000
939,AW00011938,"Seth Alexander",42,40-49,New,2014-01-09,142,2,86,4,2,10,43.0000,8.6000
940,AW00011939,"Kevin Washington",42,40-49,VIP,2013-06-19,149,2,11954,10,5,19,5977.0000,629.1579
941,AW00011940,"Tyler Miller",42,40-49,New,2013-12-25,143,2,140,4,2,4,70.0000,35.0000
942,AW00011941,"Adam Roberts",43,40-49,New,2013-11-02,144,2,218,10,5,2,109.0000,109.0000
943,AW00011942,"George Gonzalez",70,"50 and above",VIP,2013-12-19,143,3,9654,16,6,26,3218.0000,371.3077
944,AW00011943,"Dawn Huang",71,"50 and above",VIP,2013-12-13,143,3,9468,14,7,25,3156.0000,378.7200
945,AW00011944,"Rachael Rodriguez",69,"50 and above",VIP,2013-12-20,143,3,9552,18,8,26,3184.0000,367.3846
946,AW00011945,"Dennis Huang",39,30-39,VIP,2013-09-28,145,2,11820,8,4,22,5910.0000,537.2727
947,AW00011946,"Brandy Saunders",69,"50 and above",VIP,2013-12-22,143,3,9394,10,5,26,3131.3333,361.3077
948,AW00011947,"Jenny Zheng",68,"50 and above",VIP,2013-12-27,142,3,9494,12,6,26,3164.6667,365.1538
949,AW00011948,"Tasha Xu",69,"50 and above",New,2013-10-06,145,2,164,8,4,1,82.0000,164.0000
950,AW00011949,"Julia Brooks",39,30-39,New,2013-09-24,146,2,140,4,2,2,70.0000,70.0000
951,AW00011950,"Jordan Carter",40,40-49,New,2013-11-07,144,2,220,8,4,8,110.0000,27.5000
952,AW00011951,"Lacey Huang",67,"50 and above",New,2013-11-12,144,3,126,16,6,2,42.0000,63.0000
953,AW00011952,"Dorothy Robinson",65,"50 and above",VIP,2013-08-07,147,3,16338,14,7,22,5446.0000,742.6364
954,AW00011953,"Courtney Wright",44,40-49,New,2013-09-16,146,2,130,12,6,7,65.0000,18.5714
955,AW00011954,"Joseph Garcia",44,40-49,VIP,2013-06-18,149,2,11820,8,4,19,5910.0000,622.1053
956,AW00011955,"Gabriel Green",45,40-49,VIP,2013-06-28,148,2,11906,6,3,19,5953.0000,626.6316
957,AW00011956,"Alexandria Sandberg",40,40-49,VIP,2013-06-01,149,2,11746,4,2,19,5873.0000,618.2105
958,AW00011957,"Courtney Hernandez",46,40-49,New,2014-01-08,142,2,182,12,6,10,91.0000,18.2000
959,AW00011958,"Dylan Lal",47,40-49,New,2013-11-10,144,2,320,10,5,4,160.0000,80.0000
960,AW00011959,"Elizabeth Davis",47,40-49,New,2013-11-10,144,2,278,8,4,7,139.0000,39.7143
961,AW00011960,"Ana Griffin",46,40-49,New,2013-07-28,147,2,150,6,3,4,75.0000,37.5000
962,AW00011961,"Anne Alvarez",46,40-49,New,2013-10-08,145,2,144,6,3,7,72.0000,20.5714
963,AW00011962,"Alexandra Roberts",43,40-49,New,2013-08-16,147,2,206,8,4,0,103.0000,206
964,AW00011963,"Antonio Patterson",64,"50 and above",VIP,2013-08-23,147,3,16136,10,5,22,5378.6667,733.4545
965,AW00011964,"Sharon Salavaria",58,"50 and above",VIP,2013-08-09,147,3,16346,12,6,21,5448.6667,778.3810
966,AW00011965,"Katie She",63,"50 and above",New,2013-12-01,143,3,236,12,6,9,78.6667,26.2222
967,AW00011966,"Rafael Black",58,"50 and above",New,2013-12-18,143,3,110,8,4,1,36.6667,110.0000
968,AW00011967,"Latasha Munoz",63,"50 and above",VIP,2013-08-07,147,3,16306,12,6,21,5435.3333,776.4762
969,AW00011968,"Kelsey Becker",61,"50 and above",VIP,2013-08-17,147,3,16158,6,3,21,5386.0000,769.4286
970,AW00011969,"Randy Xu",61,"50 and above",VIP,2013-08-16,147,3,16346,12,6,21,5448.6667,778.3810
971,AW00011970,"Bailey Collins",41,40-49,New,2013-09-21,146,2,220,8,3,3,110.0000,73.3333
972,AW00011971,"Amanda Adams",46,40-49,New,2013-11-25,144,2,268,10,5,7,134.0000,38.2857
973,AW00011972,"Katherine Williams",46,40-49,New,2013-12-22,143,2,130,12,6,1,65.0000,130.0000
974,AW00011973,"Caroline Barnes",46,40-49,New,2013-03-10,152,2,178,10,5,0,89.0000,178
975,AW00011974,"Randy Sun",46,40-49,New,2013-12-05,143,2,226,12,6,1,113.0000,226.0000
976,AW00011975,"Destiny Garcia",45,40-49,New,2013-10-14,145,2,418,12,6,2,209.0000,209.0000
977,AW00011976,"Audrey Ramos",55,"50 and above",VIP,2013-08-25,147,3,16174,12,6,22,5391.3333,735.1818
978,AW00011977,"Bonnie Jai",61,"50 and above",VIP,2013-08-15,147,3,16426,16,8,21,5475.3333,782.1905
979,AW00011978,"Jackson Washington",48,40-49,New,2013-11-13,144,2,150,6,3,9,75.0000,16.6667
980,AW00011979,"Christopher Johnson",63,"50 and above",New,2013-05-08,150,2,9628,16,8,2,4814.0000,4814.0000
981,AW00011980,"Kimberly Richardson",62,"50 and above",New,2013-11-28,143,2,216,10,5,2,108.0000,108.0000
982,AW00011981,"Alexandria Howard",63,"50 and above",New,2014-01-28,141,2,240,12,6,9,120.0000,26.6667
983,AW00011982,"Alexandra Foster",63,"50 and above",New,2013-10-02,145,2,210,10,5,1,105.0000,210.0000
984,AW00011983,"Cheryl Ortega",57,"50 and above",VIP,2013-02-21,153,2,11746,4,2,15,5873.0000,783.0667
985,AW00011984,"Alex Campbell",62,"50 and above",New,2013-05-06,150,2,9460,12,6,2,4730.0000,4730.0000
986,AW00011985,"Melanie Hughes",62,"50 and above",New,2014-01-05,142,2,180,6,3,10,90.0000,18.0000
987,AW00011986,"Max Alvarez",56,"50 and above",VIP,2013-08-27,146,3,16490,22,11,21,5496.6667,785.2381
988,AW00011987,"Diane Vazquez",52,"50 and above",New,2013-11-10,144,3,556,16,7,4,185.3333,139.0000
989,AW00011988,"Kathryn Chapman",57,"50 and above",VIP,2013-08-06,147,3,16156,12,6,20,5385.3333,807.8000
990,AW00011989,"Kara Anand",41,40-49,VIP,2013-08-06,147,3,16280,10,5,21,5426.6667,775.2381
991,AW00011990,"Joanna Vazquez",57,"50 and above",VIP,2013-08-22,147,3,16328,14,6,21,5442.6667,777.5238
992,AW00011991,"Frederick Martinez",57,"50 and above",VIP,2013-12-19,143,3,16256,12,6,25,5418.6667,650.2400
993,AW00011992,"Tonya Chande",53,"50 and above",VIP,2013-12-11,143,3,16246,10,5,24,5415.3333,676.9167
994,AW00011993,"Rosa Wang",48,40-49,VIP,2013-12-23,143,3,16262,14,7,25,5420.6667,650.4800
995,AW00011994,"Leah Hu",48,40-49,VIP,2013-08-23,147,3,16338,10,5,20,5446.0000,816.9000
996,AW00011995,"Kelvin Carson",59,"50 and above",VIP,2013-12-10,143,3,16498,14,7,25,5499.3333,659.9200
997,AW00011996,"Veronica Srini",59,"50 and above",VIP,2013-08-02,147,3,14118,22,10,20,4706.0000,705.9000
998,AW00011997,"Kristina Kapoor",54,"50 and above",VIP,2013-08-14,147,3,14060,14,7,21,4686.6667,669.5238
999,AW00011998,"Donna Sharma",59,"50 and above",VIP,2013-08-28,146,3,13924,14,7,21,4641.3333,663.0476
1000,AW00011999,"Johnny Shan",59,"50 and above",VIP,2013-08-02,147,3,14086,18,9,20,4695.3333,704.3000
